name,datetime,tempmax,tempmin,temp,feelslikemax,feelslikemin,feelslike,dew,humidity,precip,precipprob,precipcover,preciptype,snow,snowdepth,windgust,windspeed,winddir,sealevelpressure,cloudcover,visibility,solarradiation,solarenergy,uvindex,severerisk,sunrise,sunset,moonphase,conditions,description,icon,stations
Loughborough,2014-01-01,51.4,40.6,45.4,51.4,32.9,38.4,42.8,90.6,0.221,100,16.67,rain,0,0,40.1,25.7,180.6,988.3,61.2,7.2,5.7,0.5,0,,2014-01-01T08:17:05,2014-01-01T16:00:00,0,"Rain, Partially cloudy",Partly cloudy throughout the day with a chance of rain throughout the day.,rain,"03462099999,03379099999,03330099999,03354099999,03535099999,EGNX,03544099999"
Loughborough,2014-01-02,48,40.9,44.7,43.1,33.2,38.1,41.1,87.2,0.239,100,12.5,rain,0,0,33.3,22.5,210.6,989.3,46.1,9.3,37.8,3.3,2,,2014-01-02T08:16:56,2014-01-02T16:01:07,0.03,"Rain, Partially cloudy",Partly cloudy throughout the day with a chance of rain throughout the day.,rain,"03462099999,03379099999,03330099999,03354099999,03535099999,EGNX,03544099999"
Loughborough,2014-01-03,49.6,41,44.8,42.1,30.1,36.3,38.8,79.6,0.048,100,12.5,rain,0,0,43,28,211.1,988.1,51.9,8.5,33.7,2.9,2,,2014-01-03T08:16:42,2014-01-03T16:02:16,0.07,"Rain, Partially cloudy",Partly cloudy throughout the day with a chance of rain throughout the day.,rain,"03462099999,03379099999,03330099999,03354099999,03535099999,EGNX,03544099999"
Loughborough,2014-01-04,42.8,35.7,41.1,41.2,27.2,35.3,39.1,92.6,0.38,100,16.67,rain,0,0,38.7,23,210,991,60.6,7.3,5.5,0.6,0,,2014-01-04T08:16:26,2014-01-04T16:03:29,0.1,"Rain, Partially cloudy",Partly cloudy throughout the day with a chance of rain throughout the day.,rain,"03462099999,03379099999,03330099999,03354099999,03535099999,EGNX,03544099999"
Loughborough,2014-01-05,51.7,35,40.8,51.7,26.4,33.4,38,89.9,0.011,100,12.5,"rain,snow",0,0,36.8,28.6,194.4,995.4,49.7,10.8,17.6,1.5,1,,2014-01-05T08:16:05,2014-01-05T16:04:44,0.14,"Snow, Rain, Partially cloudy",Partly cloudy throughout the day with rain or snow.,rain,"03462099999,03379099999,03330099999,03354099999,03535099999,EGNX,03544099999"
Loughborough,2014-01-06,53.3,46.3,49.1,53.3,39.5,44,42.5,78,0.185,100,16.67,rain,0,0,40.2,26.8,210.4,988.4,47.3,8.2,37,3.1,2,,2014-01-06T08:15:41,2014-01-06T16:06:02,0.17,"Rain, Partially cloudy",Partly cloudy throughout the day with a chance of rain throughout the day.,rain,"03462099999,03379099999,03330099999,03354099999,03535099999,EGNX,03544099999"
Loughborough,2014-01-07,49.9,44.7,46.9,42.9,36.5,39.7,41.2,80.5,0.056,100,12.5,rain,0,0,35.8,23.4,215,997.6,52.2,8.6,34,2.9,2,,2014-01-07T08:15:14,2014-01-07T16:07:22,0.2,"Rain, Partially cloudy",Partly cloudy throughout the day with a chance of rain throughout the day.,rain,"03462099999,03379099999,03330099999,03354099999,03535099999,03377099999,EGNX,03544099999"
Loughborough,2014-01-08,48,44.4,45.8,42.5,36.3,39.6,42.5,88.3,0.049,100,8.33,rain,0,0,34.4,20.8,213.5,1008.1,57.1,8.2,34.9,3,2,,2014-01-08T08:14:44,2014-01-08T16:08:45,0.25,"Rain, Partially cloudy",Partly cloudy throughout the day with rain.,rain,"03462099999,EGBB,03379099999,03354099999,03535099999,EGNX,03544099999,EGXT,03373099999"
Loughborough,2014-01-09,49.8,38.7,43.7,44.7,29.8,36.7,40,86.9,0.539,100,12.5,rain,0,0,35.8,20.4,251.6,1003.1,54,9.3,28.9,2.4,2,,2014-01-09T08:14:10,2014-01-09T16:10:10,0.27,"Rain, Partially cloudy",Partly cloudy throughout the day with a chance of rain throughout the day.,rain,"03462099999,03379099999,03330099999,03354099999,03535099999,EGNX,03544099999"
Loughborough,2014-01-10,46,35.7,41.1,39.3,28.2,34.1,38.5,90.5,0,0,0,,0,0,28.9,16.8,217.6,1010.9,34.2,9,31.5,2.7,2,,2014-01-10T08:13:33,2014-01-10T16:11:37,0.31,Partially cloudy,Partly cloudy throughout the day.,partly-cloudy-day,"03462099999,03379099999,03354099999,03535099999,EGNX,03544099999"
Loughborough,2014-01-11,46.1,32.3,39.9,39.6,28.3,34.1,36.3,87.3,0.028,100,8.33,rain,0,0,31.1,15.1,260.4,1016.8,38.4,10.3,39.8,3.5,2,,2014-01-11T08:12:52,2014-01-11T16:13:06,0.34,"Rain, Partially cloudy",Partly cloudy throughout the day with rain.,rain,"03462099999,03379099999,03330099999,03354099999,03535099999,EGNX,03544099999"
Loughborough,2014-01-12,44.5,29.9,36.8,38.7,22.9,30.2,34.9,92.7,0.005,100,4.17,rain,0,0,27.7,14.2,156.2,1014.5,56.6,6.5,23.3,1.9,1,,2014-01-12T08:12:08,2014-01-12T16:14:38,0.37,"Rain, Partially cloudy",Partly cloudy throughout the day with afternoon rain.,rain,"03462099999,03379099999,03354099999,03535099999,EGNX,03544099999"
Loughborough,2014-01-13,46.2,38.9,41.9,40.7,30.9,35,38.7,88.4,0.221,100,8.33,rain,0,0,31.1,21.4,205.7,1001.7,39.1,9.3,41.8,3.7,2,,2014-01-13T08:11:21,2014-01-13T16:16:11,0.41,"Rain, Partially cloudy",Partly cloudy throughout the day with rain.,rain,"03462099999,03418599999,03379099999,03330099999,03354099999,03535099999,03377099999,EGNX,03544099999"
Loughborough,2014-01-14,42.5,33.9,38.6,35.6,26,31.4,35.6,89.1,0.027,100,8.33,"rain,snow",0,0,26.4,15.5,227.7,1001.8,53.4,8.6,42.4,3.7,2,,2014-01-14T08:10:31,2014-01-14T16:17:46,0.44,"Snow, Rain, Partially cloudy",Partly cloudy throughout the day with rain or snow clearing later.,rain,"03462099999,03379099999,03330099999,03354099999,03535099999,03560099999,EGNX,03544099999,03373099999"
Loughborough,2014-01-15,51.4,40.8,47.2,51.4,33,42,45.2,92.7,0.125,100,12.5,rain,0,0,28,16.2,197.3,994.7,75.6,6.1,21.6,1.9,1,,2014-01-15T08:09:38,2014-01-15T16:19:23,0.48,"Rain, Partially cloudy",Partly cloudy throughout the day with rain.,rain,"03462099999,03418599999,03379099999,03330099999,03354099999,03535099999,03377099999,EGNX,03544099999,03373099999"
Loughborough,2014-01-16,47.9,42.3,44.6,44.4,35.8,39.1,41.7,89.6,0.187,100,12.5,rain,0,0,28.9,15.8,178.3,987.4,62.8,9,37.6,3.3,2,,2014-01-16T08:08:42,2014-01-16T16:21:02,0.5,"Rain, Partially cloudy",Partly cloudy throughout the day with rain.,rain,"03462099999,03379099999,03354099999,03535099999,EGNX,03544099999"
Loughborough,2014-01-17,46.2,40.4,43.4,41.3,35,37,40.4,89.2,0.045,100,16.67,rain,0,0,27.5,16.5,199.9,987.1,69.9,9,35.4,3.2,2,,2014-01-17T08:07:43,2014-01-17T16:22:42,0.54,"Rain, Partially cloudy",Partly cloudy throughout the day with a chance of rain throughout the day.,rain,"03462099999,03379099999,03354099999,03535099999,EGNX,03544099999"
Loughborough,2014-01-18,47.9,37.3,43.9,42.1,33.6,38.2,41.6,91.6,0.037,100,8.33,rain,0,0,30.4,16.1,142,989.9,77.2,6.1,28.5,2.3,2,,2014-01-18T08:06:41,2014-01-18T16:24:24,0.58,"Rain, Partially cloudy",Partly cloudy throughout the day with rain in the morning and afternoon.,rain,"03462099999,03379099999,03330099999,03354099999,03535099999,EGNX,03544099999"
Loughborough,2014-01-19,44.6,35,41.7,41.4,29,36.6,38,86.9,0.03,100,12.5,rain,0,0,24.4,11.1,188.8,993.8,51.6,8.4,28.7,2.5,2,,2014-01-19T08:05:36,2014-01-19T16:26:07,0.61,"Rain, Partially cloudy",Partly cloudy throughout the day with a chance of rain throughout the day.,rain,"03462099999,03379099999,03354099999,03535099999,EGNX,03544099999"
Loughborough,2014-01-20,42.9,31.3,35.5,41.4,26.7,33.1,33.7,93.3,0.003,100,4.17,rain,0,0,10.7,8.1,232,1007,25.4,4.6,43.6,3.8,2,,2014-01-20T08:04:28,2014-01-20T16:27:51,0.65,"Rain, Partially cloudy",Partly cloudy throughout the day with afternoon rain.,rain,"03462099999,03379099999,03330099999,03354099999,03535099999,EGNX,03544099999"
Loughborough,2014-01-21,43.7,31.5,37.1,37,25,31.6,35.4,93.5,0.002,100,4.17,rain,0,0,28.2,15.2,162.2,1007.9,64,4.7,48.6,4.3,3,,2014-01-21T08:03:18,2014-01-21T16:29:37,0.68,"Rain, Partially cloudy",Partly cloudy throughout the day with afternoon rain.,rain,"03462099999,03418599999,03379099999,03330099999,03354099999,03535099999,03377099999,EGNX,03544099999"
Loughborough,2014-01-22,47.7,42.2,43.7,43.6,34.9,38.7,41.6,92.4,0.235,100,12.5,rain,0,0,28.9,14.4,202.9,1004.9,84.9,5.7,24.7,2.2,2,,2014-01-22T08:02:05,2014-01-22T16:31:24,0.71,"Rain, Partially cloudy",Partly cloudy throughout the day with a chance of rain throughout the day.,rain,"03462099999,03379099999,03354099999,03535099999,EGNX,03544099999"
Loughborough,2014-01-23,45.7,34,39.6,38.9,27.4,32.8,35.9,87,0.051,100,4.17,rain,0,0,43.2,23.8,262.5,1010.3,61.1,7.7,43.5,3.7,2,,2014-01-23T08:00:49,2014-01-23T16:33:11,0.75,"Rain, Partially cloudy",Partly cloudy throughout the day with afternoon rain.,rain,"03462099999,03379099999,03330099999,03354099999,03535099999,EGNX,03544099999"
Loughborough,2014-01-24,44.2,32.2,39.3,37.6,25.9,33.1,37,91.6,0.078,100,16.67,"rain,snow",0,0,25.1,15.9,178,1011.7,83.7,6.4,16.5,1.4,1,,2014-01-24T07:59:31,2014-01-24T16:35:00,0.75,"Snow, Rain, Partially cloudy",Partly cloudy throughout the day with a chance of rain or snow throughout the day.,rain,"03462099999,03379099999,03330099999,03354099999,03535099999,EGNX,03544099999"
Loughborough,2014-01-25,49.9,37.8,43.4,43.3,27.5,36.2,40.3,88.9,0.395,100,8.33,rain,0,0,43.1,27,249.6,1009.6,61.9,5.9,36.8,3.1,2,,2014-01-25T07:58:10,2014-01-25T16:36:50,0.82,"Rain, Partially cloudy",Becoming cloudy in the afternoon with rain.,rain,"03462099999,03379099999,03330099999,03354099999,03535099999,EGNX,03544099999"
Loughborough,2014-01-26,46.3,35.6,39.8,38.7,25.8,31,35,83.3,0.196,100,8.33,rain,0,0,38.8,24.6,230.5,997.9,67.2,8.5,8.7,0.8,1,,2014-01-26T07:56:47,2014-01-26T16:38:41,0.85,"Rain, Partially cloudy",Partly cloudy throughout the day with rain.,rain,"03462099999,03379099999,03354099999,03535099999,EGNX,03544099999"
Loughborough,2014-01-27,44.5,35.3,39.4,38,25.5,31.3,34.7,83.6,0.004,100,8.33,"rain,snow",0,0,28.9,17.9,223.1,985.2,61.7,8,47.7,4.2,2,,2014-01-27T07:55:22,2014-01-27T16:40:32,0.88,"Snow, Rain, Partially cloudy",Partly cloudy throughout the day with rain or snow in the morning and afternoon.,rain,"03462099999,03379099999,03354099999,03535099999,EGNX,03544099999"
Loughborough,2014-01-28,44.5,40.7,41.9,38.1,31.9,34.3,39.3,90.5,0.153,100,12.5,rain,0,0,29.1,17.7,173.9,981.2,80.5,7.5,27.8,2.3,2,,2014-01-28T07:53:54,2014-01-28T16:42:24,0.92,"Rain, Partially cloudy",Partly cloudy throughout the day with rain.,rain,"03462099999,03379099999,03354099999,03535099999,EGNX,03544099999"
Loughborough,2014-01-29,40.9,37.2,39.8,34.3,28,32.1,37.8,92.8,0.108,100,16.67,rain,0,0,30,16.9,93.1,995.3,88.1,6.1,18,1.5,1,,2014-01-29T07:52:23,2014-01-29T16:44:17,0.95,"Rain, Partially cloudy",Partly cloudy throughout the day with a chance of rain throughout the day.,rain,"03462099999,03418599999,03379099999,03330099999,03354099999,03535099999,03377099999,EGNX,03544099999"
Loughborough,2014-01-30,39,33.9,36.1,34.7,24.6,28.9,34.2,92.8,0.106,100,12.5,"rain,snow",0,0,35.8,13.7,52.7,1003.5,93.3,3.3,19.5,1.7,1,,2014-01-30T07:50:51,2014-01-30T16:46:10,0,"Snow, Rain, Overcast",Cloudy skies throughout the day with rain or snow.,rain,"03462099999,03379099999,03330099999,03354099999,03535099999,EGNX,03544099999,03373099999"
Loughborough,2014-01-31,46.2,34,39.9,40.2,26.3,32,38.4,94.6,0.327,100,12.5,rain,0,0,37.4,26.6,175.7,994.7,89.5,4.6,13.9,1.3,1,,2014-01-31T07:49:17,2014-01-31T16:48:04,0.02,"Rain, Partially cloudy",Partly cloudy throughout the day with rain.,rain,"03462099999,03379099999,03330099999,03354099999,03535099999,EGNX,03544099999"
Loughborough,2014-02-01,46.3,35.9,41.9,40.4,27.3,32.9,36.7,82,0.066,100,8.33,rain,0,0,43.5,30.9,214.3,984.6,51,8.7,67,5.8,3,,2014-02-01T07:47:40,2014-02-01T16:49:58,0.05,"Rain, Partially cloudy",Becoming cloudy in the afternoon with rain.,rain,"03462099999,03379099999,03330099999,03354099999,03535099999,EGNX,03544099999"
Loughborough,2014-02-02,46.3,40.6,43.4,39.8,33.2,36.1,37.5,79.8,0.058,100,4.17,rain,0,0,39.1,20.3,218.1,1001.5,49.3,8.3,67.2,5.9,3,,2014-02-02T07:46:01,2014-02-02T16:51:53,0.09,"Rain, Partially cloudy",Clearing in the afternoon with early morning rain.,rain,"03462099999,03379099999,03354099999,03535099999,EGNX,03544099999"
Loughborough,2014-02-03,45.9,38.9,41.3,38.3,29.8,33.4,36.9,84.6,0,0,0,,0,0,33.3,20.4,151,1002.4,52.2,8.7,43.5,3.7,2,,2014-02-03T07:44:21,2014-02-03T16:53:47,0.12,Partially cloudy,Partly cloudy throughout the day.,partly-cloudy-day,"03462099999,03379099999,03330099999,03354099999,03535099999,EGNX,03544099999"
Loughborough,2014-02-04,46.3,37.1,41.6,39.3,29.1,33.7,36.1,81.2,0.003,100,4.17,rain,0,0,33.3,21.9,170.5,994.3,51.6,10.7,66.2,5.7,3,,2014-02-04T07:42:38,2014-02-04T16:55:42,0.15,"Rain, Partially cloudy",Partly cloudy throughout the day with early morning rain.,rain,"03462099999,03379099999,03330099999,03354099999,03535099999,EGNX,03544099999"
Loughborough,2014-02-05,47.9,40.8,44.1,40.1,30.6,35.1,39.3,83.6,0.099,100,12.5,rain,0,0,49.8,33.6,179.3,977,81.9,7.5,34.9,3,2,,2014-02-05T07:40:54,2014-02-05T16:57:38,0.19,"Rain, Partially cloudy",Partly cloudy throughout the day with rain.,rain,"03462099999,03379099999,03330099999,03354099999,03535099999,EGNX,03544099999"
Loughborough,2014-02-06,46.3,39.2,43,38.9,33.9,36.3,38.3,84.2,0.192,100,8.33,rain,0,0,37.2,27.9,218.9,987.2,69.6,7.4,37.6,3.3,2,,2014-02-06T07:39:07,2014-02-06T16:59:33,0.25,"Rain, Partially cloudy",Partly cloudy throughout the day with rain.,rain,"03462099999,03379099999,03354099999,03535099999,EGNX,03544099999"
Loughborough,2014-02-07,46.2,37.3,41.1,38.5,29.4,34.1,36.4,84.4,0.235,100,12.5,rain,0,0,33.6,21.8,256.4,987.4,59,8.1,59.7,5.1,2,,2014-02-07T07:37:19,2014-02-07T17:01:29,0.25,"Rain, Partially cloudy",Partly cloudy throughout the day with a chance of rain throughout the day.,rain,"03462099999,03379099999,03330099999,03354099999,03535099999,EGNX,03544099999"
Loughborough,2014-02-08,47.8,40,44.3,38.7,29.7,35.1,37.7,78.1,0.116,100,16.67,rain,0,0,48.2,34.6,201.9,972.7,68.9,7.6,75.3,6.6,3,,2014-02-08T07:35:30,2014-02-08T17:03:25,0.28,"Rain, Partially cloudy",Partly cloudy throughout the day with a chance of rain throughout the day.,rain,"03462099999,03379099999,03354099999,03535099999,EGNX,03544099999"
Loughborough,2014-02-09,46.2,35.6,42,37.7,26.3,33,36.6,81.3,0.072,100,16.67,rain,0,0,43.4,27.6,231,978.9,75.7,9.9,72.7,6.4,3,,2014-02-09T07:33:38,2014-02-09T17:05:20,0.32,"Rain, Partially cloudy",Partly cloudy throughout the day with a chance of rain throughout the day.,rain,"03462099999,03379099999,03354099999,03535099999,EGNX,03544099999"
Loughborough,2014-02-10,44.2,31.7,37.5,42.7,24.6,31.6,34.1,87.7,0.02,100,12.5,"rain,snow",0,0,21.7,12.7,213.1,992.1,63.1,9.7,76.2,6.4,3,,2014-02-10T07:31:45,2014-02-10T17:07:16,0.35,"Snow, Rain, Partially cloudy",Partly cloudy throughout the day with rain or snow.,rain,"03462099999,03379099999,03354099999,03535099999,EGNX,03544099999"
Loughborough,2014-02-11,42.6,34.4,38.2,34.1,24.3,29.7,33.8,84.7,0.294,100,12.5,"rain,snow",0,0,43.8,19.7,220.9,992.9,54.2,8.8,38.9,3.4,3,,2014-02-11T07:29:51,2014-02-11T17:09:12,0.38,"Snow, Rain, Partially cloudy",Partly cloudy throughout the day with a chance of rain or snow throughout the day.,rain,"03462099999,03379099999,03330099999,03354099999,03535099999,EGNX,03544099999"
Loughborough,2014-02-12,46.1,35.4,40.8,36,25.4,31.2,34,77.6,0.192,100,12.5,"rain,snow",0,0,56.6,36.4,211.1,987.9,78.4,9.2,20.3,1.8,1,,2014-02-12T07:27:55,2014-02-12T17:11:08,0.42,"Snow, Rain, Partially cloudy",Partly cloudy throughout the day with rain or snow.,rain,"03462099999,03379099999,03354099999,03535099999,EGNX,03544099999"
Loughborough,2014-02-13,44.3,35.6,39.8,35,26,30.5,31.1,71.3,0.002,100,8.33,rain,0,0,38.1,25.2,234.9,988.1,29,10.9,92,7.9,4,,2014-02-13T07:25:58,2014-02-13T17:13:03,0.45,"Rain, Partially cloudy",Partly cloudy throughout the day with rain.,rain,"03462099999,03379099999,03354099999,03535099999,EGNX,03544099999"
Loughborough,2014-02-14,49.8,35.5,40.8,42.7,25.7,32.4,37.3,87.2,0.122,100,12.5,rain,0,0,43.8,29.9,180.2,986.1,66.6,9.8,17.9,1.4,1,,2014-02-14T07:23:59,2014-02-14T17:14:59,0.5,"Rain, Partially cloudy",Partly cloudy throughout the day with rain.,rain,"03462099999,03379099999,03330099999,03354099999,03535099999,EGNX,03544099999"
Loughborough,2014-02-15,46.4,39.2,43.6,37.2,30.1,34,36.8,76.8,0.09,100,12.5,rain,0,0,52.1,36.1,239.6,981.7,72.1,8.6,69.4,5.9,3,,2014-02-15T07:21:59,2014-02-15T17:16:54,0.52,"Rain, Partially cloudy",Partly cloudy throughout the day with rain.,rain,"03462099999,03418599999,03379099999,03330099999,03354099999,03535099999,EGNX,03544099999"
Loughborough,2014-02-16,46.3,35.6,40.3,41.3,27.2,33.5,32.5,74.2,0.002,100,8.33,rain,0,0,30,18.6,237.8,1004.5,34.5,11.8,90.9,7.6,4,,2014-02-16T07:19:57,2014-02-16T17:18:49,0.55,"Rain, Partially cloudy",Partly cloudy throughout the day with rain in the morning and afternoon.,rain,"03462099999,03379099999,03354099999,03535099999,EGNX,03544099999"
Loughborough,2014-02-17,49.4,38.6,44,44.3,31.8,37.9,40.7,88.4,0.01,100,8.33,rain,0,0,30.9,18.7,172.4,1005.6,77.5,7.3,36.4,3.1,1,,2014-02-17T07:17:54,2014-02-17T17:20:44,0.59,"Rain, Partially cloudy",Partly cloudy throughout the day with rain.,rain,"03462099999,03379099999,03330099999,03354099999,03535099999,EGNX,03544099999"
Loughborough,2014-02-18,49.8,42.8,45.8,46.2,38.3,41.1,42.3,87.7,0.025,100,16.67,rain,0,0,25.5,13.1,216.4,1007,65.7,7.2,44,3.8,2,,2014-02-18T07:15:50,2014-02-18T17:22:39,0.62,"Rain, Partially cloudy",Partly cloudy throughout the day with a chance of rain throughout the day.,rain,"03462099999,03379099999,03330099999,03354099999,03535099999,EGNX,03544099999"
Loughborough,2014-02-19,50,40.6,45.4,46.2,34.3,40.4,41,84.8,0,0,0,,0,0,24.4,13.7,218.4,1009.3,72.5,9.2,52.3,4.3,3,,2014-02-19T07:13:45,2014-02-19T17:24:34,0.66,Partially cloudy,Partly cloudy throughout the day.,partly-cloudy-day,"03462099999,03379099999,03330099999,03354099999,03535099999,EGNX,03544099999"
Loughborough,2014-02-20,53.3,40.5,48.1,53.3,33.4,44,43.2,83.7,0.023,100,16.67,rain,0,0,36.4,21.7,221,997.9,69.2,9.3,56.5,4.9,3,,2014-02-20T07:11:39,2014-02-20T17:26:28,0.69,"Rain, Partially cloudy",Partly cloudy throughout the day with a chance of rain throughout the day.,rain,"03462099999,03379099999,03354099999,03535099999,EGNX,03544099999"
Loughborough,2014-02-21,46.4,37,41.3,38.6,27.9,32.9,35.7,80.9,0.003,100,8.33,rain,0,0,38.9,24.8,224.4,999.6,33.3,11.4,92.3,8.1,4,,2014-02-21T07:09:32,2014-02-21T17:28:22,0.73,"Rain, Partially cloudy",Partly cloudy throughout the day with rain.,rain,"03462099999,03379099999,03330099999,03354099999,03535099999,EGNX,03544099999"
Loughborough,2014-02-22,51.3,39,44.6,51.3,31.7,38.2,36.5,74,0.005,100,8.33,rain,0,0,32.2,21.8,226.5,1005.5,43.4,9.4,88.2,7.7,4,,2014-02-22T07:07:23,2014-02-22T17:30:16,0.75,"Rain, Partially cloudy",Partly cloudy throughout the day with rain.,rain,"03462099999,03379099999,03354099999,03535099999,EGNX,03544099999"
Loughborough,2014-02-23,53.4,46.4,50.4,53.4,39.2,46.8,43.6,77.8,0.001,100,4.17,rain,0,0,44.7,30.4,205.2,1005.1,72.8,7.9,37.3,3.3,2,,2014-02-23T07:05:14,2014-02-23T17:32:09,0.8,"Rain, Partially cloudy",Partly cloudy throughout the day with afternoon rain.,rain,"03462099999,03379099999,03354099999,03535099999,EGNX,03544099999"
Loughborough,2014-02-24,51.5,45.9,47.9,51.5,38.3,42.4,41.4,78.5,0.004,100,4.17,rain,0,,34.8,20.4,190.2,1002.1,55.9,10,93.4,8,4,,2014-02-24T07:03:04,2014-02-24T17:34:03,0.83,"Rain, Partially cloudy",Partly cloudy throughout the day with afternoon rain.,rain,"03462099999,03379099999,03330099999,03354099999,03535099999,EGNX,03544099999"
Loughborough,2014-02-25,50.9,42.3,45.9,50.9,35.2,39.5,39.9,80.3,0.047,100,16.67,rain,,,34,21.3,195.2,997.3,51.9,8,91.2,7.8,4,,2014-02-25T07:00:52,2014-02-25T17:35:56,0.87,"Rain, Partially cloudy",Partly cloudy throughout the day with a chance of rain throughout the day.,rain,"03462099999,03418599999,03379099999,03330099999,03354099999,03377099999,EGNX,03544099999"
Loughborough,2014-02-26,51.1,37.3,43.2,51.1,29.2,36.5,36.8,79.2,0,0,0,,,,32.2,20.5,222.6,1009.6,35.8,8.3,97.9,8.5,4,,2014-02-26T06:58:40,2014-02-26T17:37:48,0.9,Partially cloudy,Becoming cloudy in the afternoon.,partly-cloudy-day,"03462099999,03379099999,03330099999,03354099999,EGNX,03544099999"
Loughborough,2014-02-27,48,36.9,43.1,42.9,31.2,36.3,36.9,79.3,0.066,100,8.33,rain,,,38,23.3,224.8,1004.1,44.3,8.5,100.9,8.7,4,,2014-02-27T06:56:27,2014-02-27T17:39:41,0.94,"Rain, Partially cloudy",Partly cloudy throughout the day with rain in the morning and afternoon.,rain,"03462099999,03379099999,03330099999,03354099999,03535099999,EGNX,03544099999"
Loughborough,2014-02-28,44.1,33.5,37.5,38.7,26.5,31.5,35,90.8,0.045,100,12.5,"rain,snow",,,,11.1,26.2,1000.8,68,4.5,45,4.1,2,,2014-02-28T06:54:14,2014-02-28T17:41:33,0.97,"Snow, Rain, Partially cloudy",Partly cloudy throughout the day with rain or snow.,rain,"03462099999,03379099999,03354099999,03535099999,EGNX,03544099999"
Loughborough,2014-03-01,47.7,30.3,38.7,45.1,24.3,34.6,33,81.5,0.001,100,4.17,rain,,,,9.2,254,1002.1,47.1,7.6,105.5,8.9,4,,2014-03-01T06:51:59,2014-03-01T17:43:25,0,"Rain, Partially cloudy",Partly cloudy throughout the day with afternoon rain.,rain,"03462099999,03379099999,03330099999,03354099999,03535099999,EGNX,03544099999"
Loughborough,2014-03-02,48.1,38.5,43.9,41.2,31.4,36.8,40.5,88,0.035,100,12.5,rain,,,33.7,22.9,193.8,990.6,70,7.1,38.4,3.3,2,,2014-03-02T06:49:44,2014-03-02T17:45:16,0.04,"Rain, Partially cloudy",Partly cloudy throughout the day with rain.,rain,"03462099999,03379099999,03354099999,03535099999,EGNX,03544099999"
Loughborough,2014-03-03,49.2,35.3,41.7,48.5,29.5,37.7,35.4,79.9,0.312,100,16.67,"rain,snow",,,18.3,13.4,212.9,985.7,41.7,7,96.6,8.5,4,,2014-03-03T06:47:28,2014-03-03T17:47:07,0.07,"Snow, Rain, Partially cloudy",Partly cloudy throughout the day with a chance of rain or snow throughout the day.,rain,"03462099999,03379099999,03330099999,03354099999,03535099999,EGNX,03544099999"
Loughborough,2014-03-04,49.8,33.5,40.3,45.7,27,35.3,33.8,78.4,0.005,100,12.5,rain,,,,12.4,246.7,1002.5,35.4,7.5,94.6,8.1,4,,2014-03-04T06:45:11,2014-03-04T17:48:58,0.1,"Rain, Partially cloudy",Partly cloudy throughout the day with rain.,rain,"03462099999,03379099999,03330099999,03354099999,03535099999,EGNX,03544099999"
Loughborough,2014-03-05,51.5,33.7,42.6,51.5,26.6,38.2,36.9,80.7,0,0,0,,,,,11.9,220.4,1018.7,51.4,9.6,86.5,7.6,4,,2014-03-05T06:42:54,2014-03-05T17:50:49,0.14,Partially cloudy,Partly cloudy throughout the day.,partly-cloudy-day,"03462099999,03379099999,03354099999,03535099999,EGNX,03544099999"
Loughborough,2014-03-06,49.9,44.5,47.2,44.4,38.2,41.2,44.3,89.4,0.08,100,8.33,rain,,,32.2,22.7,208.3,1021,86.4,6.1,74,6.3,3,,2014-03-06T06:40:37,2014-03-06T17:52:40,0.17,"Rain, Partially cloudy",Partly cloudy throughout the day with rain in the morning and afternoon.,rain,"03462099999,03379099999,03354099999,03535099999,EGNX,03544099999"
Loughborough,2014-03-07,56.9,38.2,48.1,56.9,34.2,44.4,40.8,77.1,0.057,100,12.5,rain,,,30.5,22,240.7,1021.1,52.4,9.3,109.2,9.5,5,,2014-03-07T06:38:18,2014-03-07T17:54:30,0.2,"Rain, Partially cloudy",Partly cloudy throughout the day with a chance of rain throughout the day.,rain,"03462099999,03379099999,03330099999,03354099999,03535099999,EGNX,03544099999"
Loughborough,2014-03-08,56.9,35.5,47.6,56.9,31.5,43.8,39,73.1,0,0,0,,,,33.3,18.5,179,1023.3,41.1,7.2,102,8.9,5,,2014-03-08T06:36:00,2014-03-08T17:56:20,0.25,Partially cloudy,Partly cloudy throughout the day.,partly-cloudy-day,"03462099999,03379099999,03330099999,03354099999,03535099999,EGNX,03544099999"
Loughborough,2014-03-09,64.2,45.8,53.3,64.2,40.4,51.4,41,64.3,0,0,0,,,,,13.2,201.9,1020.4,0,6.1,155,13.2,6,,2014-03-09T06:33:40,2014-03-09T17:58:09,0.27,Clear,Clear conditions throughout the day.,clear-day,"03462099999,03379099999,03330099999,03354099999,03535099999,EGNX,03544099999"
Loughborough,2014-03-10,49.7,39,45.4,45.2,32.6,40.4,39.6,80.6,0,0,0,,,,,13.6,28.5,1029.4,45.4,8.8,149.5,12.8,5,,2014-03-10T06:31:21,2014-03-10T17:59:58,0.3,Partially cloudy,Partly cloudy throughout the day.,partly-cloudy-day,"03462099999,03379099999,03330099999,03354099999,03535099999,EGNX,03544099999"
Loughborough,2014-03-11,53.1,37.6,43,53.1,31,38.1,37.1,81.2,0,0,0,,,,,14.3,63.3,1035.7,55.3,9.4,150.1,13,6,,2014-03-11T06:29:00,2014-03-11T18:01:48,0.33,Partially cloudy,Clearing in the afternoon.,partly-cloudy-day,"03462099999,03379099999,03330099999,03354099999,03535099999,EGNX,03544099999"
Loughborough,2014-03-12,48.9,37.3,41,48.9,31.6,37.6,39.7,95.4,0,0,0,,,,,9.7,60.3,1033.7,59.8,2.4,137.9,12,6,,2014-03-12T06:26:40,2014-03-12T18:03:36,0.36,Partially cloudy,Partly cloudy throughout the day.,partly-cloudy-day,"03462099999,03379099999,03354099999,03535099999,EGNX,03544099999"
Loughborough,2014-03-13,57.1,32.5,43.9,57.1,30.5,42.3,39.4,85.9,0.003,100,8.33,"rain,snow",,,,6,273.8,1030.6,39.6,2.4,118.4,10.2,5,,2014-03-13T06:24:19,2014-03-13T18:05:25,0.4,"Snow, Rain, Partially cloudy",Clearing in the afternoon with rain or snow in the morning and afternoon.,rain,"03462099999,03379099999,03354099999,03535099999,EGNX,03544099999"
Loughborough,2014-03-14,57.4,35.5,46.2,57.4,31.6,43.5,41,83,0.002,100,4.17,rain,,,30,21,268.3,1026.9,20.9,3.7,135.3,11.7,5,,2014-03-14T06:21:58,2014-03-14T18:07:13,0.43,"Rain, Partially cloudy",Partly cloudy throughout the day with afternoon rain.,rain,"03462099999,03379099999,03330099999,03354099999,03535099999,EGNX,03544099999"
Loughborough,2014-03-15,55.4,46.4,50.3,55.4,40,47.5,42,73.4,0,0,0,,,,34.4,24.8,292.8,1025.2,59.1,9,155.1,13.4,6,,2014-03-15T06:19:37,2014-03-15T18:09:02,0.46,Partially cloudy,Partly cloudy throughout the day.,partly-cloudy-day,"03462099999,03379099999,03330099999,03354099999,03535099999,EGNX,03544099999"
Loughborough,2014-03-16,56.9,46.1,50.7,56.9,39.6,47.9,44.2,78.7,0,0,0,,,,35.8,20.8,291.4,1022.5,43,9,172.9,15.1,6,,2014-03-16T06:17:15,2014-03-16T18:10:50,0.5,Partially cloudy,Partly cloudy throughout the day.,partly-cloudy-day,"03462099999,03418599999,03379099999,03330099999,03354099999,03535099999,EGNX,03544099999"
Loughborough,2014-03-17,56.4,46.3,49.7,56.4,39.8,46.7,41.3,73.4,0,0,0,,,,23,15.2,272.7,1020.1,53.7,9.4,115.9,10.2,5,,2014-03-17T06:14:53,2014-03-17T18:12:37,0.53,Partially cloudy,Partly cloudy throughout the day.,partly-cloudy-day,"03462099999,03379099999,03330099999,03354099999,03535099999,EGNX,03544099999"
Loughborough,2014-03-18,53.2,42.7,48.1,53.2,38,43.8,41.8,78.8,0.057,100,8.33,rain,,,36.5,26.2,256.9,1014.3,69.4,8.6,104.8,9,4,,2014-03-18T06:12:31,2014-03-18T18:14:25,0.56,"Rain, Partially cloudy",Partly cloudy throughout the day with rain.,rain,"03462099999,03379099999,03354099999,03535099999,EGNX,03544099999"
Loughborough,2014-03-19,58.2,43.1,49.5,58.2,35.5,45.2,41.1,73.5,0.001,100,4.17,rain,,,36.9,21.8,238,1018.9,51,12.4,136.3,11.7,5,,2014-03-19T06:10:09,2014-03-19T18:16:13,0.6,"Rain, Partially cloudy",Partly cloudy throughout the day with early morning rain.,rain,"03462099999,03379099999,03330099999,03354099999,03535099999,EGNX,03544099999"
Loughborough,2014-03-20,55,44.5,48.5,55,35.8,43.5,41.4,77,0.028,100,4.17,rain,,,39.7,26.1,221.6,1005.6,49.5,7.2,117.5,10.1,6,,2014-03-20T06:07:46,2014-03-20T18:18:00,0.63,"Rain, Partially cloudy",Partly cloudy throughout the day with late afternoon rain.,rain,"03462099999,03379099999,03330099999,03354099999,03535099999,EGNX,03544099999"
Loughborough,2014-03-21,50.1,38.9,44.5,50.1,31.8,37.8,35.8,72,0.087,100,8.33,rain,,,32.6,21.4,226,1002.5,50.3,10.5,145,12.5,6,,2014-03-21T06:05:24,2014-03-21T18:19:47,0.67,"Rain, Partially cloudy",Partly cloudy throughout the day with rain.,rain,"03462099999,03379099999,03330099999,03354099999,03535099999,EGNX,03544099999"
Loughborough,2014-03-22,46.4,37.1,41.3,39.1,28.7,33.8,35.3,80.3,0.062,100,12.5,rain,,,35.8,20.4,234.1,996.4,54.1,10.2,109.6,9.5,4,,2014-03-22T06:03:01,2014-03-22T18:21:34,0.71,"Rain, Partially cloudy",Partly cloudy throughout the day with rain.,rain,"03462099999,EGBB,03418599999,03379099999,03330099999,03354099999,03535099999,03534099999,EGNX,03544099999"
Loughborough,2014-03-23,47.9,35.4,40.6,41.9,26.8,34.2,34.7,80.5,0.032,100,16.67,"rain,snow",,,34.8,19.2,281.5,1006.5,56.5,9.1,123.4,10.6,4,,2014-03-23T06:00:39,2014-03-23T18:23:21,0.74,"Snow, Rain, Partially cloudy",Partly cloudy throughout the day with a chance of rain or snow throughout the day.,rain,"03462099999,03379099999,03330099999,03354099999,03535099999,EGNX,03544099999"
Loughborough,2014-03-24,51.3,29.7,41.1,51.3,24.1,35.9,31.8,72.4,0.018,100,12.5,rain,,,29.5,17.5,171.7,1011.5,28.5,8.6,191,16.4,7,,2014-03-24T05:58:16,2014-03-24T18:25:08,0.75,"Rain, Partially cloudy",Partly cloudy throughout the day with rain.,rain,"03462099999,03379099999,03330099999,03354099999,03535099999,EGNX,03544099999"
Loughborough,2014-03-25,46.4,40.6,42.9,43.2,33.5,37.6,39.4,87.5,0.124,100,12.5,rain,,,,15.5,112.2,1009.6,74.2,5.4,73.6,6.4,3,,2014-03-25T05:55:54,2014-03-25T18:26:54,0.81,"Rain, Partially cloudy",Partly cloudy throughout the day with a chance of rain throughout the day.,rain,"03462099999,03379099999,03354099999,03535099999,EGNX,03544099999"
Loughborough,2014-03-26,47.3,36.6,40.1,41.6,32.3,35.4,36.2,86.8,0.044,100,4.17,rain,,,35.8,13.4,11,1018.3,75.9,5.3,99.5,8.5,4,,2014-03-26T05:53:31,2014-03-26T18:28:41,0.85,"Rain, Partially cloudy",Partly cloudy throughout the day with late afternoon rain.,rain,"03462099999,03379099999,03330099999,03354099999,03535099999,EGNX,03544099999"
Loughborough,2014-03-27,47.9,35.6,39.9,43.1,30.5,35.4,36.9,89.5,0.1,100,12.5,rain,,,23,14.8,83,1014.2,69.6,4.9,122.4,10.5,5,,2014-03-27T05:51:09,2014-03-27T18:30:27,0.88,"Rain, Partially cloudy",Partly cloudy throughout the day with rain.,rain,"03462099999,03379099999,03354099999,03535099999,EGNX,03544099999"
Loughborough,2014-03-28,53.1,35.8,44.8,53.1,32.6,41,40.8,86.7,0.053,100,8.33,rain,,,,14,76.3,1016.2,76.1,4.1,115.5,10.2,4,,2014-03-28T05:48:47,2014-03-28T18:32:14,0.92,"Rain, Partially cloudy",Partly cloudy throughout the day with rain.,rain,"03462099999,03379099999,03330099999,03354099999,03535099999,EGNX,03544099999"
Loughborough,2014-03-29,62.3,42.5,49.9,62.3,36.5,46.9,42.8,79.1,0,0,0,,,,33.3,18,84.9,1015.3,47.9,3.2,199.3,17.2,6,,2014-03-29T05:46:24,2014-03-29T18:34:00,0.95,Partially cloudy,Clearing in the afternoon.,partly-cloudy-day,"03462099999,03418599999,03379099999,03330099999,03354099999,03535099999,EGNX,03544099999"
Loughborough,2014-03-30,59.5,41.2,50.6,59.5,36,48.9,45.4,83.5,0,0,0,,,,,10.8,64,1013.6,24.8,3.3,133.3,10.9,4,,2014-03-30T06:44:02,2014-03-30T19:35:46,0,Partially cloudy,Clearing in the afternoon.,partly-cloudy-day,"03462099999,03379099999,03354099999,03535099999,EGNX,03544099999"
Loughborough,2014-03-31,59.1,44.6,51,59.1,40.6,49.4,47.4,88.1,0.002,100,4.17,rain,,,,8.6,70.1,1012.7,55.5,3.1,127.8,11,4,,2014-03-31T06:41:41,2014-03-31T19:37:33,0.02,"Rain, Partially cloudy",Partly cloudy throughout the day with late afternoon rain.,rain,"03462099999,03379099999,03330099999,03354099999,03535099999,EGNX,03544099999"
Loughborough,2014-04-01,60.6,48.2,53.1,60.6,46.6,52.6,47,81,0.024,100,4.17,rain,,,,7.9,189.7,1010.5,70.8,5.7,201.5,17.5,7,,2014-04-01T06:39:19,2014-04-01T19:39:19,0.05,"Rain, Partially cloudy",Partly cloudy throughout the day with morning rain.,rain,"03462099999,03379099999,03330099999,03354099999,03535099999,03377099999,EGNX,03544099999"
Loughborough,2014-04-02,53.6,44.7,47.8,53.6,38.3,44.1,46.2,94.1,0.002,100,4.17,rain,,,,18.7,69.6,1005.8,66.4,2.5,112.8,9.7,3,,2014-04-02T06:36:58,2014-04-02T19:41:05,0.09,"Rain, Partially cloudy",Partly cloudy throughout the day with late afternoon rain.,rain,"03462099999,03379099999,03354099999,03535099999,EGNX,03544099999"
Loughborough,2014-04-03,50,46,47.4,45.7,40.3,42.4,46.1,95.1,0,0,0,,,,34.4,13.7,47.6,1002.2,94.3,1.3,106.2,9.2,5,,2014-04-03T06:34:37,2014-04-03T19:42:51,0.12,Overcast,Cloudy skies throughout the day.,cloudy,"03462099999,03379099999,03330099999,03354099999,03535099999,EGNX,03544099999"
Loughborough,2014-04-04,55.4,46.3,50.4,55.4,42.8,48.8,46.1,86.5,0.056,100,4.17,rain,,,,11.9,272.5,1006.6,89.2,5,143.9,12.4,5,,2014-04-04T06:32:16,2014-04-04T19:44:37,0.15,"Rain, Partially cloudy",Partly cloudy throughout the day with early morning rain.,rain,"03462099999,03379099999,03330099999,03354099999,03535099999,EGNX,03544099999"
Loughborough,2014-04-05,58.4,46,51.8,58.4,41.7,50,47.6,85.7,0.001,100,4.17,rain,,,28.9,17.5,202.9,1011,76.9,8.4,81.8,7,3,,2014-04-05T06:29:56,2014-04-05T19:46:23,0.18,"Rain, Partially cloudy",Partly cloudy throughout the day with late afternoon rain.,rain,"03462099999,03379099999,03330099999,03354099999,03535099999,EGNX,03544099999"
Loughborough,2014-04-06,60.3,53.6,56.4,60.3,53.6,56.4,52.9,88.1,0.018,100,16.67,rain,,,32.2,21.6,208.7,1009,87.5,8.7,110,9.2,4,,2014-04-06T06:27:36,2014-04-06T19:48:09,0.21,"Rain, Partially cloudy",Partly cloudy throughout the day with a chance of rain throughout the day.,rain,"03462099999,03379099999,03330099999,03354099999,03535099999,EGNX,03544099999"
Loughborough,2014-04-07,57.1,44.3,52.8,57.1,40.2,52,50.2,91,0.256,100,16.67,rain,,,32.2,19.8,212.3,1005.9,83.9,7.9,54.4,4.7,1,,2014-04-07T06:25:16,2014-04-07T19:49:55,0.25,"Rain, Partially cloudy",Partly cloudy throughout the day with a chance of rain throughout the day.,rain,"03462099999,03379099999,03330099999,03354099999,03535099999,EGNX,03544099999"
Loughborough,2014-04-08,53.5,40.8,46.8,53.5,32.1,41.7,38,72.8,0.008,100,8.33,rain,,,32.8,22.3,268.4,1015.5,40.4,9.8,209.7,18.2,6,,2014-04-08T06:22:57,2014-04-08T19:51:41,0.28,"Rain, Partially cloudy",Partly cloudy throughout the day with rain.,rain,"03462099999,03418599999,03379099999,03330099999,03354099999,03535099999,EGNX,03544099999"
Loughborough,2014-04-09,60,42.6,50.3,60,36.7,47.6,41.6,73.3,0.004,100,4.17,rain,,,,15,253.1,1024,48.8,9.8,209,17.9,7,,2014-04-09T06:20:38,2014-04-09T19:53:27,0.31,"Rain, Partially cloudy",Partly cloudy throughout the day with afternoon rain.,rain,"03462099999,03379099999,03330099999,03354099999,03535099999,EGNX,03544099999"
Loughborough,2014-04-10,55.2,40.9,48.6,55.2,36.5,46.5,40.5,74.4,0,0,0,,,,,11.4,266.5,1022.2,67.6,10.8,169.3,14.5,6,,2014-04-10T06:18:20,2014-04-10T19:55:13,0.34,Partially cloudy,Partly cloudy throughout the day.,partly-cloudy-day,"03462099999,03379099999,03330099999,03354099999,03535099999,EGNX,03544099999"
Loughborough,2014-04-11,57,43,49.4,57,38.8,47.8,38,66.6,0,0,0,,,,,10.5,299,1021.9,53.7,11.3,226.6,19.6,7,,2014-04-11T06:16:03,2014-04-11T19:57:00,0.38,Partially cloudy,Clearing in the afternoon.,partly-cloudy-day,"03462099999,03379099999,03330099999,03354099999,03535099999,EGNX,03544099999"
Loughborough,2014-04-12,56.6,42.5,48,56.6,36.7,45.3,40.6,75.8,0,0,0,,,,32.2,20,253.2,1017.6,69.1,10.4,138.8,12.1,5,,2014-04-12T06:13:46,2014-04-12T19:58:46,0.41,Partially cloudy,Partly cloudy throughout the day.,partly-cloudy-day,"03462099999,03379099999,03330099999,03354099999,03535099999,EGNX,03544099999"
Loughborough,2014-04-13,55.4,40.7,48.2,55.4,33.9,44.9,39,71.2,0.002,100,4.17,rain,,,32.2,18.4,276.1,1020.2,31.6,10.5,239.5,20.8,7,,2014-04-13T06:11:29,2014-04-13T20:00:32,0.44,"Rain, Partially cloudy",Partly cloudy throughout the day with early morning rain.,rain,"03462099999,03379099999,03330099999,03354099999,03535099999,EGNX,03544099999"
Loughborough,2014-04-14,58.4,44.2,50.3,58.4,38,47.4,37.7,62.9,0,0,0,,,,33.3,19.6,315.9,1024.1,45.1,9.3,248.6,21.6,8,,2014-04-14T06:09:14,2014-04-14T20:02:18,0.47,Partially cloudy,Partly cloudy throughout the day.,partly-cloudy-day,"03462099999,03379099999,03330099999,03354099999,03535099999,EGNX,03544099999"
Loughborough,2014-04-15,56.9,35.6,46.7,56.9,31.2,45.3,35.6,66.9,0,0,0,,,,,9.6,113.3,1030.4,11.9,13.4,262.2,22.8,8,,2014-04-15T06:06:59,2014-04-15T20:04:04,0.5,Clear,Clear conditions throughout the day.,clear-day,"03462099999,03379099999,03330099999,03354099999,03535099999,EGNX,03544099999"
Loughborough,2014-04-16,60.6,38.2,49.3,60.6,33.1,47.1,36.7,64.5,0.001,100,4.17,rain,,,18.3,13.7,185.4,1027.1,20.2,11.1,255.4,22.1,8,,2014-04-16T06:04:44,2014-04-16T20:05:50,0.54,"Rain, Partially cloudy",Partly cloudy throughout the day with late afternoon rain.,rain,"03462099999,03379099999,03330099999,03354099999,03535099999,EGNX,03544099999"
Loughborough,2014-04-17,56.2,44.3,49.4,56.2,38,46.6,40.1,70.4,0,0,0,,,,31.1,17.7,264.6,1019.2,63.8,9.3,119.4,10.4,5,,2014-04-17T06:02:31,2014-04-17T20:07:35,0.58,Partially cloudy,Becoming cloudy in the afternoon.,partly-cloudy-day,"03462099999,03418599999,03379099999,03330099999,03354099999,03535099999,EGNX,03544099999"
Loughborough,2014-04-18,54.5,37.5,45,54.5,33.1,41.9,34.3,68,0,0,0,,,,19.5,11.7,30.3,1021.5,17.3,10.2,267.3,23.2,8,,2014-04-18T06:00:18,2014-04-18T20:09:21,0.61,Clear,Clear conditions throughout the day.,clear-day,"03462099999,03379099999,03330099999,03354099999,03535099999,EGNX,03544099999"
Loughborough,2014-04-19,55,35.4,44.2,55,30.7,41.1,36.6,75.9,0,0,0,,,,23,15.6,68.2,1020.2,59.3,8.8,238.1,20.7,7,,2014-04-19T05:58:06,2014-04-19T20:11:07,0.65,Partially cloudy,Partly cloudy throughout the day.,partly-cloudy-day,"03462099999,03379099999,03330099999,03354099999,03535099999,EGNX,03544099999"
Loughborough,2014-04-20,55.3,42.6,48.6,55.3,35.6,45.2,45.4,88.8,0.024,100,8.33,rain,,,32.2,21.8,44.4,1010.3,81.6,4.4,108.7,9.2,3,,2014-04-20T05:55:55,2014-04-20T20:12:53,0.68,"Rain, Partially cloudy",Partly cloudy throughout the day with rain.,rain,"03462099999,03379099999,03354099999,03535099999,EGNX,03544099999"
Loughborough,2014-04-21,64.2,47.5,52.9,64.2,43.5,51.2,48.4,86,0.091,100,4.17,rain,,,30,17.5,46.1,1007.1,68,4,185.3,15.9,7,,2014-04-21T05:53:45,2014-04-21T20:14:39,0.72,"Rain, Partially cloudy",Partly cloudy throughout the day with early morning rain.,rain,"03462099999,03379099999,03330099999,03354099999,03535099999,EGNX,03544099999"
Loughborough,2014-04-22,58.5,48,52.2,58.5,42.7,50.4,48,86.5,0.098,100,12.5,rain,,,,13.2,120.4,1007.4,85.8,5,170.9,14.7,6,,2014-04-22T05:51:35,2014-04-22T20:16:24,0.75,"Rain, Partially cloudy",Partly cloudy throughout the day with a chance of rain throughout the day.,rain,"03462099999,03379099999,03330099999,03354099999,03535099999,EGNX,03544099999"
Loughborough,2014-04-23,60.7,46.2,53.3,60.7,41.9,52.3,47.2,81.2,0.022,100,8.33,rain,,,21.3,18.3,179.5,1015.8,59.8,6.1,199.1,17.4,7,,2014-04-23T05:49:27,2014-04-23T20:18:10,0.79,"Rain, Partially cloudy",Partly cloudy throughout the day with rain.,rain,"03462099999,03418599999,03379099999,03330099999,03354099999,03535099999,EGNX,03544099999"
Loughborough,2014-04-24,60.5,46.3,52,60.5,43.7,51.1,46.2,82.4,0.073,100,4.17,rain,,,,7.5,172.4,1019,66.2,5.5,189.1,16.4,6,,2014-04-24T05:47:20,2014-04-24T20:19:55,0.83,"Rain, Partially cloudy",Partly cloudy throughout the day with early morning rain.,rain,"03462099999,03379099999,03330099999,03354099999,03535099999,EGNX,03544099999"
Loughborough,2014-04-25,50,46.2,48.5,49.1,41,44.6,47.3,95.8,0.163,100,8.33,rain,,,,13.1,40.1,1012.9,87.3,2.2,77.4,6.8,3,,2014-04-25T05:45:13,2014-04-25T20:21:41,0.86,"Rain, Partially cloudy",Partly cloudy throughout the day with rain.,rain,"03462099999,03379099999,03354099999,03535099999,EGNX,03544099999"
Loughborough,2014-04-26,59.9,46,51.8,59.9,40.4,49.5,44.3,77.6,0.067,100,12.5,rain,,,30.7,20.2,160.9,1003.3,60.4,8.5,182.4,15.7,6,,2014-04-26T05:43:08,2014-04-26T20:23:26,0.9,"Rain, Partially cloudy",Partly cloudy throughout the day with a chance of rain throughout the day.,rain,"03462099999,03379099999,03330099999,03354099999,03535099999,EGNX,03544099999"
Loughborough,2014-04-27,58.1,43.1,50.5,58.1,37.4,48.2,45.5,83.9,0.014,100,12.5,rain,,,28.9,16.7,73.2,1005.1,71.1,6.7,222,19.2,7,,2014-04-27T05:41:04,2014-04-27T20:25:11,0.94,"Rain, Partially cloudy",Partly cloudy throughout the day with rain.,rain,"03462099999,03379099999,03330099999,03354099999,03535099999,EGNX,03544099999"
Loughborough,2014-04-28,60.4,45,52.3,60.4,41.3,50.9,47.4,84.5,0.005,100,4.17,rain,,,,10.7,74.1,1011.8,56,5,166.2,14.4,6,,2014-04-28T05:39:02,2014-04-28T20:26:56,0.97,"Rain, Partially cloudy",Partly cloudy throughout the day with early morning rain.,rain,"03462099999,03379099999,03354099999,03535099999,EGNX,03544099999"
Loughborough,2014-04-29,60.5,49.4,53.7,60.5,47,53,48.5,83.8,0.002,100,4.17,rain,,,,6.4,99.1,1013.2,79.7,3.8,200.4,17.4,7,,2014-04-29T05:37:00,2014-04-29T20:28:40,0,"Rain, Partially cloudy",Partly cloudy throughout the day with afternoon rain.,rain,"03462099999,03379099999,03330099999,03354099999,03535099999,03377099999,EGNX,03544099999"
Loughborough,2014-04-30,64.2,50.3,56.2,64.2,50.3,56.2,48.6,76.5,0.004,100,4.17,rain,,,,11.3,170.3,1012,67.3,5.6,253.6,21.8,8,,2014-04-30T05:35:00,2014-04-30T20:30:25,0.04,"Rain, Partially cloudy",Partly cloudy throughout the day with late afternoon rain.,rain,"03462099999,03379099999,03330099999,03354099999,03535099999,EGNX,03544099999"
Loughborough,2014-05-01,56.4,44.8,50.3,56.4,38.4,48.7,47.8,91.3,0.019,100,8.33,rain,,,,14.9,45.7,1011.2,82.8,3.6,130.9,11.3,4,,2014-05-01T05:33:01,2014-05-01T20:32:09,0.07,"Rain, Partially cloudy",Partly cloudy throughout the day with rain.,rain,"03462099999,03379099999,03330099999,03354099999,03535099999,EGNX,03544099999"
Loughborough,2014-05-02,52.9,39,47,52.9,34.7,43.1,38.4,73.6,0,0,0,,,,20.8,12.7,45.8,1024.7,73.7,9.4,248.9,21.7,7,,2014-05-02T05:31:03,2014-05-02T20:33:52,0.1,Partially cloudy,Partly cloudy throughout the day.,partly-cloudy-day,"03462099999,03379099999,03354099999,03535099999,EGNX,03544099999"
Loughborough,2014-05-03,56.8,32,46.1,56.8,27.8,44.8,32.7,62.4,0,0,0,,,,,6.1,330.9,1028.8,27.8,14.3,301,26,9,,2014-05-03T05:29:07,2014-05-03T20:35:36,0.14,Partially cloudy,Partly cloudy throughout the day.,partly-cloudy-day,"03462099999,03379099999,03330099999,03354099999,03535099999,EGNX,03544099999"
Loughborough,2014-05-04,60.6,45.9,53.6,60.6,41.2,52.2,39.9,60.2,0,0,0,,,,20.8,10.7,213,1022.1,71.5,10.4,178.5,15.3,6,,2014-05-04T05:27:12,2014-05-04T20:37:18,0.17,Partially cloudy,Partly cloudy throughout the day.,partly-cloudy-day,"03462099999,03379099999,03330099999,03354099999,03535099999,EGNX,03544099999"
Loughborough,2014-05-05,62.6,42.9,53.7,62.6,39.9,52.4,42.4,67.2,0,0,0,,,,28.9,16.8,188.5,1011.7,51.6,8.5,212.6,18.3,8,,2014-05-05T05:25:19,2014-05-05T20:39:01,0.2,Partially cloudy,Partly cloudy throughout the day.,partly-cloudy-day,"03462099999,03379099999,03330099999,03354099999,03535099999,EGNX,03544099999"
Loughborough,2014-05-06,62.5,51.5,55.5,62.5,51.5,55.5,46.2,73.1,0.181,100,12.5,rain,,,25.3,16.8,235.7,1003.9,62.5,8.2,268.7,23.2,8,,2014-05-06T05:23:27,2014-05-06T20:40:43,0.23,"Rain, Partially cloudy",Partly cloudy throughout the day with rain.,rain,"EGXW,EGBB,03330099999,03535099999,03534099999,EGNX,EGYD,03544099999,03462099999,03418599999,03379099999,03354099999,03377099999,EGXP,EGXT"
Loughborough,2014-05-07,58.3,48,53.3,58.3,42.5,51.7,44.9,73.7,0.048,100,12.5,rain,,,34.4,22.7,240.4,1005.7,60.5,10.3,229.8,19.8,7,,2014-05-07T05:21:37,2014-05-07T20:42:25,0.25,"Rain, Partially cloudy",Partly cloudy throughout the day with rain.,rain,"03462099999,EGBB,03418599999,03379099999,03330099999,03354099999,03535099999,03377099999,EGNX,03544099999"
Loughborough,2014-05-08,58.4,49.8,53.3,58.4,45,52.9,49.8,88,0.292,100,8.33,rain,,,27.7,16.4,233.3,1005.6,69.3,7.6,105.5,9.1,3,,2014-05-08T05:19:48,2014-05-08T20:44:06,0.3,"Rain, Partially cloudy",Partly cloudy throughout the day with rain.,rain,"03462099999,03379099999,03330099999,03354099999,03535099999,EGNX,03544099999"
Loughborough,2014-05-09,58.6,50,53.6,58.6,45.9,53.4,44.8,72.9,0.008,100,8.33,rain,,,35.9,26.5,258,1007.8,53.6,9.6,269.9,23.4,7,,2014-05-09T05:18:01,2014-05-09T20:45:46,0.33,"Rain, Partially cloudy",Partly cloudy throughout the day with rain.,rain,"03462099999,03379099999,03330099999,03354099999,03535099999,EGNX,03544099999"
Loughborough,2014-05-10,60,48,53.5,60,43,52.2,46.9,79.1,0.065,100,8.33,rain,,,38.5,25.4,228.6,1000.1,70.7,7.9,226.7,19.7,8,,2014-05-10T05:16:16,2014-05-10T20:47:26,0.36,"Rain, Partially cloudy",Partly cloudy throughout the day with rain in the morning and afternoon.,rain,"03462099999,03379099999,03330099999,03354099999,03535099999,EGNX,03544099999"
Loughborough,2014-05-11,54.6,48,50.3,54.6,40.9,46.6,46.2,86,0.184,100,16.67,rain,,,34.8,25,259.2,999.5,70.7,8.5,168.9,14.4,5,,2014-05-11T05:14:33,2014-05-11T20:49:05,0.39,"Rain, Partially cloudy",Partly cloudy throughout the day with a chance of rain throughout the day.,rain,"03462099999,03379099999,03330099999,03354099999,03535099999,EGNX,03544099999"
Loughborough,2014-05-12,56.8,47.6,50.2,56.8,42.5,47.9,45.1,82.7,0.115,100,16.67,rain,,,28.9,15.7,271.9,1008.7,59.9,8.4,188.5,16.3,5,,2014-05-12T05:12:52,2014-05-12T20:50:43,0.42,"Rain, Partially cloudy",Partly cloudy throughout the day with a chance of rain throughout the day.,rain,"03462099999,03379099999,03330099999,03354099999,03535099999,EGNX,03544099999"
Loughborough,2014-05-13,56.7,46,49.9,56.7,42.9,48.5,44.9,83.1,0.128,100,12.5,rain,,,20.8,10.1,315.8,1018.8,57.8,8.3,222.3,19.1,7,,2014-05-13T05:11:12,2014-05-13T20:52:20,0.46,"Rain, Partially cloudy",Partly cloudy throughout the day with rain.,rain,"03462099999,03418599999,03379099999,03330099999,03354099999,03535099999,03377099999,EGNX,03544099999"
Loughborough,2014-05-14,63.4,43.1,53.5,63.4,37,51.8,43,70.1,0.001,100,4.17,rain,,,,11.3,302.6,1030.5,29.4,10.7,308.3,26.7,8,,2014-05-14T05:09:35,2014-05-14T20:53:57,0.5,"Rain, Partially cloudy",Partly cloudy throughout the day with early morning rain.,rain,"03462099999,03379099999,03330099999,03354099999,03535099999,EGNX,03544099999"
Loughborough,2014-05-15,67.7,44.8,57.3,67.7,41.4,56.6,47.9,72,0,0,0,,,,,6.8,309.8,1035.6,40.2,9.3,279.9,24.2,8,,2014-05-15T05:07:59,2014-05-15T20:55:33,0.52,Partially cloudy,Partly cloudy throughout the day.,partly-cloudy-day,"03462099999,03379099999,03330099999,03354099999,03535099999,03377099999,EGNX,03544099999"
Loughborough,2014-05-16,69.6,48.7,61.2,69.6,47.4,61.1,51.9,73,0,0,0,,,,,9.9,264.2,1031.7,44.2,6.8,242.8,21.1,7,,2014-05-16T05:06:26,2014-05-16T20:57:07,0.56,Partially cloudy,Partly cloudy throughout the day.,partly-cloudy-day,"03462099999,03418599999,03379099999,03330099999,03354099999,03535099999,EGNX,03544099999"
Loughborough,2014-05-17,71.5,49.9,61.6,71.5,47.5,61.5,46.7,60.2,0,0,0,,,,20.8,12.7,251.2,1023,24.3,12.6,307.8,26.6,9,,2014-05-17T05:04:54,2014-05-17T20:58:41,0.6,Partially cloudy,Partly cloudy throughout the day.,partly-cloudy-day,"03462099999,03418599999,03379099999,03330099999,03354099999,03535099999,03377099999,EGNX,03544099999"
Loughborough,2014-05-18,73.2,51.2,63.3,73.2,51.2,63.3,49.3,62.2,0,0,0,,,,21.9,17.7,187.5,1011.6,26.4,8.9,310.6,27,8,,2014-05-18T05:03:25,2014-05-18T21:00:14,0.63,Partially cloudy,Clearing in the afternoon.,partly-cloudy-day,"03462099999,03418599999,03379099999,03330099999,03354099999,03535099999,03377099999,EGNX,03544099999,03373099999"
Loughborough,2014-05-19,74.8,48.3,63.5,74.8,46.7,63.4,51.3,66.9,0,0,0,,,,25.3,16.4,121.5,1004.2,19.1,7.6,294.9,25.5,8,,2014-05-19T05:01:58,2014-05-19T21:01:45,0.67,Clear,Clear conditions throughout the day.,clear-day,"03462099999,03379099999,03330099999,03354099999,03535099999,EGNX,03544099999"
Loughborough,2014-05-20,67.8,53.6,60.1,67.8,53.6,60.1,53.2,79.1,0.021,100,8.33,rain,,,,12.9,145,1006.1,49,6,176.4,15,8,,2014-05-20T05:00:34,2014-05-20T21:03:15,0.7,"Rain, Partially cloudy",Partly cloudy throughout the day with rain in the morning and afternoon.,rain,"03462099999,03379099999,03330099999,03354099999,03535099999,EGNX,03544099999"
Loughborough,2014-05-21,67.5,47.9,57.9,67.5,44,57.3,46.4,68.8,0.005,100,8.33,rain,,,,9.9,213.1,1008.7,34,9.6,284.2,24.6,9,,2014-05-21T04:59:11,2014-05-21T21:04:44,0.75,"Rain, Partially cloudy",Partly cloudy throughout the day with rain clearing later.,rain,"03462099999,03379099999,03330099999,03354099999,03535099999,EGNX,03544099999"
Loughborough,2014-05-22,58.5,49.8,53,58.5,44.9,52.3,49.6,88.3,0.609,100,16.67,rain,,,,15,43.4,1002.3,80.6,7,136,11.8,5,,2014-05-22T04:57:51,2014-05-22T21:06:11,0.77,"Rain, Partially cloudy",Partly cloudy throughout the day with a chance of rain throughout the day.,rain,"03462099999,03379099999,03354099999,03535099999,EGNX,03544099999"
Loughborough,2014-05-23,61.7,49.9,54.2,61.7,45.5,53.8,48.5,82.4,0.142,100,16.67,rain,,,24.2,17.7,108.1,1005.2,81,7.6,272.7,23.7,8,,2014-05-23T04:56:34,2014-05-23T21:07:37,0.81,"Rain, Partially cloudy",Partly cloudy throughout the day with a chance of rain throughout the day.,rain,"03462099999,03379099999,03330099999,03354099999,03535099999,EGNX,03544099999"
Loughborough,2014-05-24,57.2,45,51.7,57.2,42.5,50.8,49.4,92.1,0.388,100,12.5,rain,,,25.9,15.5,90.5,1009.4,70.6,6.8,170.4,14.8,6,,2014-05-24T04:55:19,2014-05-24T21:09:02,0.85,"Rain, Partially cloudy",Partly cloudy throughout the day with rain.,rain,"03462099999,03379099999,03330099999,03354099999,03535099999,EGNX,03544099999"
Loughborough,2014-05-25,63.6,48.2,54.7,63.6,44.7,54,46.1,75.2,0.129,100,12.5,rain,,,22.5,16.1,173.9,1014.9,61.4,8.2,296.3,25.5,9,,2014-05-25T04:54:07,2014-05-25T21:10:24,0.88,"Rain, Partially cloudy",Partly cloudy throughout the day with a chance of rain throughout the day.,rain,"03462099999,03379099999,03330099999,03354099999,03535099999,EGNX,03544099999"
Loughborough,2014-05-26,57,44.2,52,57,40.3,51.2,46.9,83.1,0.089,100,8.33,rain,,,,7.4,180.8,1019.4,49,8.7,160.2,13.8,5,,2014-05-26T04:52:57,2014-05-26T21:11:46,0.92,"Rain, Partially cloudy",Partly cloudy throughout the day with rain.,rain,"03462099999,03379099999,03330099999,03354099999,03535099999,EGNX,03544099999"
Loughborough,2014-05-27,55.3,49.6,52.6,55.3,44.8,52.1,48.9,87.6,0.092,100,16.67,rain,,,28.9,16.1,7.1,1016.7,73.8,6.2,222,19.1,8,,2014-05-27T04:51:50,2014-05-27T21:13:05,0.95,"Rain, Partially cloudy",Partly cloudy throughout the day with a chance of rain throughout the day.,rain,"03462099999,03379099999,03330099999,03354099999,03535099999,EGNX,03544099999"
Loughborough,2014-05-28,53.5,48.4,51.8,53.5,45.1,50.9,51.1,97.2,0.387,100,12.5,rain,,,25.3,14.4,1.4,1013.4,87.1,4,80.1,6.9,2,,2014-05-28T04:50:45,2014-05-28T21:14:23,0,"Rain, Partially cloudy",Partly cloudy throughout the day with a chance of rain throughout the day.,rain,"03462099999,03379099999,03354099999,03535099999,EGNX,03544099999"
Loughborough,2014-05-29,55.4,50.1,52.7,55.4,50.1,52.7,51.5,95.6,0.098,100,12.5,rain,,,,15.2,44.7,1016.9,90.4,3.6,173.7,14.9,5,,2014-05-29T04:49:43,2014-05-29T21:15:38,0.02,"Rain, Overcast",Cloudy skies throughout the day with a chance of rain throughout the day.,rain,"03462099999,03418599999,03379099999,03354099999,03535099999,EGNX,03544099999"
Loughborough,2014-05-30,57.2,49.8,53.5,57.2,46.1,52.7,48.5,83.7,0.001,100,4.17,rain,,,,9.8,55.2,1024.4,89.7,6.8,190.3,16.4,6,,2014-05-30T04:48:44,2014-05-30T21:16:52,0.05,"Rain, Partially cloudy",Partly cloudy throughout the day with late afternoon rain.,rain,"03462099999,03379099999,03330099999,03354099999,03535099999,EGNX,03544099999"
Loughborough,2014-05-31,62.3,51.4,56.4,62.3,51.4,56.4,48.1,74.7,0,0,0,,,,,9.6,274.8,1025,70.5,7.4,187.9,16.3,5,,2014-05-31T04:47:48,2014-05-31T21:18:04,0.09,Partially cloudy,Partly cloudy throughout the day.,partly-cloudy-day,"03462099999,03379099999,03330099999,03354099999,03535099999,EGNX,03544099999"
Loughborough,2014-06-01,69.4,44.8,59.3,69.4,42.1,58.8,47.4,67.5,0,0,0,,,,,7.9,211.4,1022.1,35.4,7.3,295.2,25.5,8,,2014-06-01T04:46:55,2014-06-01T21:19:13,0.12,Partially cloudy,Partly cloudy throughout the day.,partly-cloudy-day,"03462099999,03379099999,03330099999,03354099999,03535099999,EGNX,03544099999"
Loughborough,2014-06-02,65.9,55,60.8,65.9,55,60.8,53.3,77.1,0.012,100,8.33,rain,,,,9.9,212.8,1017.3,62.2,7.1,220.4,19.3,7,,2014-06-02T04:46:05,2014-06-02T21:20:20,0.15,"Rain, Partially cloudy",Partly cloudy throughout the day with rain in the morning and afternoon.,rain,"03462099999,03379099999,03354099999,03535099999,EGNX,03544099999"
Loughborough,2014-06-03,63.8,55.1,58,63.8,55.1,58,52.8,83.4,0.095,100,8.33,rain,,,,9.7,253.6,1011.5,67.9,7,205.9,17.9,7,,2014-06-03T04:45:18,2014-06-03T21:21:25,0.18,"Rain, Partially cloudy",Partly cloudy throughout the day with rain.,rain,"03462099999,03379099999,03330099999,03354099999,03535099999,EGNX,03544099999"
Loughborough,2014-06-04,55.3,51.5,52.8,55.3,51.5,52.8,50.9,93.3,0.502,100,16.67,rain,,,,11,299.3,1003.8,84.2,5.5,104.1,8.9,4,,2014-06-04T04:44:34,2014-06-04T21:22:28,0.22,"Rain, Partially cloudy",Partly cloudy throughout the day with a chance of rain throughout the day.,rain,"03462099999,03379099999,03354099999,03535099999,EGNX,03544099999"
Loughborough,2014-06-05,62.5,48.4,54.8,62.5,42.9,54.2,44.9,71.5,0.109,100,8.33,rain,,,34.4,19.1,266.9,1008,59.3,9.3,324.1,27.8,8,,2014-06-05T04:43:52,2014-06-05T21:23:28,0.25,"Rain, Partially cloudy",Partly cloudy throughout the day with rain.,rain,"03462099999,03379099999,03330099999,03354099999,03535099999,EGNX,03544099999"
Loughborough,2014-06-06,69.6,44,58.1,69.6,42.8,57.6,45.7,64.9,0,0,0,,,,,14.6,121.2,1013.3,23.2,12.2,339.3,29.4,9,,2014-06-06T04:43:14,2014-06-06T21:24:26,0.28,Partially cloudy,Partly cloudy throughout the day.,partly-cloudy-day,"03462099999,03418599999,03379099999,03330099999,03354099999,03535099999,EGNX,03544099999"
Loughborough,2014-06-07,66.2,52.1,59.4,66.2,52.1,59.4,53.6,81.6,0.238,100,4.17,rain,,,32.2,12.5,128.9,1011.7,63.1,8.6,192.7,16.7,8,,2014-06-07T04:42:39,2014-06-07T21:25:21,0.31,"Rain, Partially cloudy",Partly cloudy throughout the day with afternoon rain.,rain,"03462099999,03379099999,03330099999,03354099999,03535099999,EGNX,03544099999"
Loughborough,2014-06-08,69.6,54.8,61.9,69.6,54.8,61.9,52.3,72.8,0.025,100,8.33,rain,,,23.3,18.7,198.5,1017.5,43.7,10.3,296.7,25.6,8,,2014-06-08T04:42:08,2014-06-08T21:26:14,0.35,"Rain, Partially cloudy",Partly cloudy throughout the day with rain.,rain,"03462099999,03379099999,03330099999,03354099999,03535099999,EGNX,03544099999"
Loughborough,2014-06-09,72.7,53.7,63.2,72.7,53.7,63.2,56.1,79,0.402,100,16.67,rain,,,38,13.7,143,1016.1,57.4,9.2,247.4,21.5,7,,2014-06-09T04:41:39,2014-06-09T21:27:04,0.38,"Rain, Partially cloudy",Partly cloudy throughout the day with a chance of rain throughout the day.,rain,"03462099999,03379099999,03330099999,03354099999,03535099999,EGNX,03544099999"
Loughborough,2014-06-10,69.5,56.6,62.5,69.5,56.6,62.5,51.8,69.5,0.017,100,8.33,rain,,,35.8,20.2,208.2,1015.8,51,11.1,329.5,28.7,9,,2014-06-10T04:41:14,2014-06-10T21:27:51,0.41,"Rain, Partially cloudy",Partly cloudy throughout the day with rain.,rain,"03462099999,03379099999,03330099999,03354099999,03535099999,EGNX,03544099999"
Loughborough,2014-06-11,69.3,53.1,60.4,69.3,53.1,60.4,51.1,72.7,0.006,100,4.17,rain,,,,13.6,233.6,1024.5,56,9.7,312.9,27,9,,2014-06-11T04:40:51,2014-06-11T21:28:35,0.44,"Rain, Partially cloudy",Partly cloudy throughout the day with early morning rain.,rain,"03462099999,03379099999,03330099999,03354099999,03535099999,03377099999,EGNX,03544099999"
Loughborough,2014-06-12,73,51.4,62.7,73,51.4,62.7,51.1,68.4,0,0,0,,,,,9.4,278.1,1028.2,33.4,9.9,338.3,29.1,9,,2014-06-12T04:40:33,2014-06-12T21:29:16,0.48,Partially cloudy,Partly cloudy throughout the day.,partly-cloudy-day,"EGXW,EGBB,03330099999,03535099999,03534099999,EGNX,EGYD,03544099999,03462099999,03379099999,03354099999,EGXP,EGXT"
Loughborough,2014-06-13,71.5,51.9,63.6,71.5,51.9,63.6,53.5,70.6,0,0,0,,,,17.2,8,341.1,1025.3,49.4,10.6,280,24.4,9,,2014-06-13T04:40:17,2014-06-13T21:29:55,0.5,Partially cloudy,Partly cloudy throughout the day.,partly-cloudy-day,"03462099999,03418599999,03379099999,03330099999,03354099999,03535099999,03377099999,03560099999,EGNX,03544099999"
Loughborough,2014-06-14,67.6,57,62.7,67.6,57,62.7,57.7,84.3,0.022,100,8.33,rain,,,,10.7,18.9,1025.9,73.4,6.5,275,23.9,7,,2014-06-14T04:40:05,2014-06-14T21:30:30,0.55,"Rain, Partially cloudy",Partly cloudy throughout the day with rain clearing later.,rain,"03462099999,03379099999,03330099999,03354099999,03535099999,EGNX,03544099999"
Loughborough,2014-06-15,62.2,53.7,58.2,62.2,53.7,58.2,53.9,85.7,0,0,0,,,,,7.2,36.8,1028.9,84.5,7.5,209.3,18.2,5,,2014-06-15T04:39:55,2014-06-15T21:31:03,0.58,Partially cloudy,Partly cloudy throughout the day.,partly-cloudy-day,"03462099999,03379099999,03330099999,03354099999,03535099999,EGNX,03544099999"
Loughborough,2014-06-16,60.6,51.7,57.5,60.6,51.7,57.5,49.2,74.4,0.001,100,4.17,rain,,,,15.7,12.2,1029.2,73.3,8,223,19.3,6,,2014-06-16T04:39:50,2014-06-16T21:31:32,0.62,"Rain, Partially cloudy",Partly cloudy throughout the day with afternoon rain.,rain,"03462099999,03379099999,03330099999,03354099999,03535099999,EGNX,03544099999"
Loughborough,2014-06-17,65.7,50,58.7,65.7,50,58.7,51.4,77,0,0,0,,,,27.7,12.5,13.2,1029,71.7,7.9,324.7,28.1,9,,2014-06-17T04:39:47,2014-06-17T21:31:58,0.65,Partially cloudy,Partly cloudy throughout the day.,partly-cloudy-day,"03462099999,03379099999,03330099999,03354099999,03535099999,EGNX,03544099999"
Loughborough,2014-06-18,72.8,57,63.4,72.8,57,63.4,55,76.1,0,0,0,,,,,9.8,21.9,1027,55.7,8,280.6,24.4,7,,2014-06-18T04:39:48,2014-06-18T21:32:21,0.69,Partially cloudy,Partly cloudy throughout the day.,partly-cloudy-day,"03462099999,03418599999,03379099999,03330099999,03354099999,03535099999,EGNX,03544099999"
Loughborough,2014-06-19,64.2,56.8,60.4,64.2,56.8,60.4,54.5,81.5,0,0,0,,,,,11.3,29.7,1023.5,61.1,7.1,256.1,22.2,7,,2014-06-19T04:39:52,2014-06-19T21:32:41,0.75,Partially cloudy,Partly cloudy throughout the day.,partly-cloudy-day,"03462099999,03379099999,03354099999,03535099999,EGNX,03544099999"
Loughborough,2014-06-20,71.4,56.7,63.1,71.4,56.7,63.1,50.9,66,0,0,0,,,,,9.3,261,1022,56.4,9.1,251.2,21.5,7,,2014-06-20T04:39:59,2014-06-20T21:32:57,0.76,Partially cloudy,Partly cloudy throughout the day.,partly-cloudy-day,"03462099999,03379099999,03330099999,03354099999,03535099999,EGNX,03544099999"
Loughborough,2014-06-21,70.8,49.9,60.9,70.8,45.8,60.7,51.1,72,0,0,0,,,,,11.3,298,1019.7,35.7,8.7,335.5,29.1,9,,2014-06-21T04:40:09,2014-06-21T21:33:11,0.79,Partially cloudy,Partly cloudy throughout the day.,partly-cloudy-day,"03462099999,03418599999,03379099999,03330099999,03354099999,03535099999,EGNX,03544099999"
Loughborough,2014-06-22,76.1,52.3,64.2,76.1,52.3,64.2,52.5,67.7,0,0,0,,,,15,9.2,264.2,1021.3,44.7,7.9,330.9,28.5,9,,2014-06-22T04:40:23,2014-06-22T21:33:21,0.83,Partially cloudy,Partly cloudy throughout the day.,partly-cloudy-day,"03462099999,03379099999,03330099999,03354099999,03535099999,EGNX,03544099999"
Loughborough,2014-06-23,74.7,55.2,64.7,74.7,55.2,64.7,54.6,72,0.001,100,4.17,rain,,,,10.7,327.7,1022,60.6,8.3,286.2,24.6,8,,2014-06-23T04:40:40,2014-06-23T21:33:28,0.86,"Rain, Partially cloudy",Clearing in the afternoon with late afternoon rain.,rain,"03462099999,03379099999,03354099999,03535099999,EGNX,03544099999"
Loughborough,2014-06-24,69.4,53.5,60.8,69.4,53.5,60.8,53.3,77.4,0.014,100,4.17,rain,,,21.9,13.9,340.5,1020.5,51.3,7.5,297.1,25.7,8,,2014-06-24T04:41:00,2014-06-24T21:33:31,0.9,"Rain, Partially cloudy",Partly cloudy throughout the day with late afternoon rain.,rain,"03462099999,03379099999,03330099999,03354099999,03535099999,EGNX,03544099999"
Loughborough,2014-06-25,65.9,48,57.8,65.9,48,57.8,47.1,70.1,0,0,0,,,,,8.3,79,1019.1,58.7,10.6,316.2,27.6,9,,2014-06-25T04:41:23,2014-06-25T21:33:31,0.93,Partially cloudy,Partly cloudy throughout the day.,partly-cloudy-day,"03462099999,03379099999,03330099999,03354099999,03535099999,03377099999,EGNX,03544099999"
Loughborough,2014-06-26,65.9,51.7,58.7,65.9,51.7,58.7,47.7,67.9,0,0,0,,,,,12,73.3,1016,57.2,11.6,283.1,24.6,8,,2014-06-26T04:41:49,2014-06-26T21:33:28,0.97,Partially cloudy,Partly cloudy throughout the day.,partly-cloudy-day,"03462099999,03379099999,03330099999,03354099999,03535099999,EGNX,03544099999"
Loughborough,2014-06-27,62.4,53.4,55.8,62.4,53.4,55.8,53.6,92.7,0.391,100,16.67,rain,,,10.3,10.2,47.3,1012,73.8,4.7,211.8,18.4,7,,2014-06-27T04:42:19,2014-06-27T21:33:22,0,"Rain, Partially cloudy",Partly cloudy throughout the day with a chance of rain throughout the day.,rain,"03462099999,03379099999,03330099999,03354099999,03535099999,EGNX,03544099999"
Loughborough,2014-06-28,58.6,51.8,54.2,58.6,51.8,54.2,50.6,87.9,0.085,100,16.67,rain,,,,11.2,38,1010.5,81,5.6,183.9,16,5,,2014-06-28T04:42:51,2014-06-28T21:33:12,0.04,"Rain, Partially cloudy",Partly cloudy throughout the day with a chance of rain throughout the day.,rain,"03462099999,03379099999,03330099999,03535099999,03377099999,EGNX,03544099999"
Loughborough,2014-06-29,60.5,48.2,54.9,60.5,45.6,54.6,49.1,81.2,0.019,100,12.5,rain,,,,11.4,344.2,1013.4,68.5,7.3,303.8,26.2,8,,2014-06-29T04:43:26,2014-06-29T21:32:59,0.07,"Rain, Partially cloudy",Partly cloudy throughout the day with a chance of rain throughout the day.,rain,"03462099999,03418599999,03379099999,03330099999,03535099999,03377099999,EGNX,03544099999,03373099999"
Loughborough,2014-06-30,66.3,49.6,58.2,66.3,48.2,58.1,48.2,71.7,0.002,100,4.17,rain,,,,7.4,85.1,1017.3,50.6,8.9,248,21.5,7,,2014-06-30T04:44:04,2014-06-30T21:32:42,0.1,"Rain, Partially cloudy",Partly cloudy throughout the day with morning rain.,rain,"03462099999,03418599999,03379099999,03330099999,03354099999,03535099999,03377099999,EGNX,03544099999"
Loughborough,2014-07-01,69.4,49.7,59.5,69.4,48.7,59.4,50.2,73.3,0.009,100,4.17,rain,,,,8.6,82.5,1020.5,39.6,9.7,319.5,27.6,8,,2014-07-01T04:44:45,2014-07-01T21:32:22,0.14,"Rain, Partially cloudy",Partly cloudy throughout the day with late afternoon rain.,rain,"03462099999,03379099999,03330099999,03354099999,03535099999,EGNX,03544099999"
Loughborough,2014-07-02,73,49.5,62.2,73,49.5,62.2,50.4,68,0,0,0,,,,,13.8,216.8,1021.7,33.1,9.9,229.9,20,8,,2014-07-02T04:45:29,2014-07-02T21:31:59,0.17,Partially cloudy,Partly cloudy throughout the day.,partly-cloudy-day,"03462099999,03379099999,03330099999,03354099999,03535099999,EGNX,03544099999"
Loughborough,2014-07-03,71.4,58.6,65.1,71.4,58.6,65.1,54.5,68.8,0,0,0,,,,23.6,17.6,222.1,1017.3,78.9,10.1,301.7,26.1,8,,2014-07-03T04:46:16,2014-07-03T21:31:33,0.2,Partially cloudy,Partly cloudy throughout the day.,partly-cloudy-day,"03462099999,03418599999,03379099999,03330099999,03354099999,03535099999,EGNX,03544099999"
Loughborough,2014-07-04,73.2,58.6,63.9,73.2,58.6,63.9,56.6,78.5,0.02,100,4.17,rain,,,35.8,21.6,202.8,1006.1,61.7,8.6,275.5,23.8,8,,2014-07-04T04:47:05,2014-07-04T21:31:03,0.24,"Rain, Partially cloudy",Partly cloudy throughout the day with late afternoon rain.,rain,"03462099999,03418599999,03379099999,03330099999,03354099999,03535099999,EGNX,03544099999"
Loughborough,2014-07-05,67.7,57.1,62.5,67.7,57.1,62.5,53.8,75.7,0.352,100,12.5,rain,,,,13.7,245.4,1000.2,69.7,7.7,211,18.1,6,,2014-07-05T04:47:57,2014-07-05T21:30:31,0.25,"Rain, Partially cloudy",Partly cloudy throughout the day with a chance of rain throughout the day.,rain,"03462099999,03379099999,03330099999,03354099999,03535099999,EGNX,03544099999"
Loughborough,2014-07-06,67.7,51.8,59.8,67.7,51.8,59.8,48.9,69.1,0.058,100,4.17,rain,,,,11.7,270.8,1004.2,51.3,11.2,246.9,21.3,7,,2014-07-06T04:48:51,2014-07-06T21:29:55,0.3,"Rain, Partially cloudy",Partly cloudy throughout the day with late afternoon rain.,rain,"03462099999,03379099999,03330099999,03354099999,03535099999,EGNX,03544099999"
Loughborough,2014-07-07,67.8,51.1,58.6,67.8,51.1,58.6,49.9,74.5,0.046,100,4.17,rain,,,,12.2,215.6,1013.5,37.9,9.2,253.8,21.7,8,,2014-07-07T04:49:48,2014-07-07T21:29:16,0.33,"Rain, Partially cloudy",Partly cloudy throughout the day with late afternoon rain.,rain,"03462099999,03418599999,03379099999,03330099999,03354099999,03535099999,EGNX,03544099999"
Loughborough,2014-07-08,67.1,51.6,58.1,67.1,51.6,58.1,52.6,83.3,0.096,100,8.33,rain,,,18.3,13.9,292,1015.6,46.7,7.9,209.5,18.1,6,,2014-07-08T04:50:47,2014-07-08T21:28:34,0.37,"Rain, Partially cloudy",Partly cloudy throughout the day with rain.,rain,"03462099999,03379099999,03330099999,03354099999,03535099999,EGNX,03544099999"
Loughborough,2014-07-09,73.1,50.4,61.7,73.1,50.4,61.7,51.5,71.7,0.016,100,8.33,rain,,,33.3,17,321.6,1019,53.3,8.3,310.9,26.8,8,,2014-07-09T04:51:49,2014-07-09T21:27:48,0.4,"Rain, Partially cloudy",Partly cloudy throughout the day with rain clearing later.,rain,"03462099999,03418599999,03379099999,03330099999,03354099999,03535099999,EGNX,03544099999"
Loughborough,2014-07-10,72.5,53.7,63.2,72.5,53.7,63.2,50.8,66.2,0,0,0,,,,23,15,346.2,1018.6,52.2,11.2,327.2,28.2,9,,2014-07-10T04:52:52,2014-07-10T21:27:00,0.43,Partially cloudy,Partly cloudy throughout the day.,partly-cloudy-day,"03462099999,03379099999,03330099999,03354099999,03535099999,EGNX,03544099999"
Loughborough,2014-07-11,72.7,53.8,63.2,72.7,53.8,63.2,53.6,72.3,0.003,100,8.33,rain,,,,10.6,334.3,1018.2,59.8,8.9,253.9,22,7,,2014-07-11T04:53:58,2014-07-11T21:26:09,0.47,"Rain, Partially cloudy",Partly cloudy throughout the day with rain in the morning and afternoon.,rain,"03462099999,03379099999,03330099999,03354099999,03535099999,03377099999,EGNX,03544099999"
Loughborough,2014-07-12,76.9,58.4,67.6,76.9,58.4,67.6,57.3,72.4,0.008,100,8.33,rain,,,19.5,9.9,253.1,1014.5,54.4,6.7,273.6,23.5,8,,2014-07-12T04:55:06,2014-07-12T21:25:14,0.5,"Rain, Partially cloudy",Partly cloudy throughout the day with late afternoon rain.,rain,"03462099999,EGXW,EGBB,03379099999,03330099999,03354099999,03535099999,EGXP,EGNX,EGYD,03544099999,EGXT"
Loughborough,2014-07-13,69.5,57,63.9,69.5,57,63.9,55.9,76.8,0.121,100,12.5,rain,,,23,16.9,278.8,1008.1,67.2,7.5,236.3,20.5,6,,2014-07-13T04:56:17,2014-07-13T21:24:17,0.53,"Rain, Partially cloudy",Partly cloudy throughout the day with a chance of rain throughout the day.,rain,"03462099999,03418599999,03379099999,03330099999,03354099999,03535099999,03560099999,EGNX,03544099999,03373099999"
Loughborough,2014-07-14,69.8,50.2,61.8,69.8,50.2,61.8,52,71.9,0,0,0,,,,25.9,16.5,235,1012.4,58.7,10.9,269.3,23.1,8,,2014-07-14T04:57:29,2014-07-14T21:23:17,0.57,Partially cloudy,Becoming cloudy in the afternoon.,partly-cloudy-day,"03462099999,03379099999,03330099999,03354099999,03535099999,EGNX,03544099999"
Loughborough,2014-07-15,69.6,57.3,63.4,69.6,57.3,63.4,52.3,69,0.005,100,4.17,rain,,,,14.8,263.2,1017.5,50.3,9.4,319,27.7,9,,2014-07-15T04:58:43,2014-07-15T21:22:14,0.6,"Rain, Partially cloudy",Partly cloudy throughout the day with early morning rain.,rain,"03462099999,03379099999,03354099999,03535099999,EGNX,03544099999"
Loughborough,2014-07-16,74.6,54.4,64.7,74.6,54.4,64.7,55,72,0,0,0,,,,21.9,16.4,217.9,1019.8,39.1,10.4,260.8,22.5,8,,2014-07-16T04:59:58,2014-07-16T21:21:09,0.64,Partially cloudy,Partly cloudy throughout the day.,partly-cloudy-day,"03462099999,03379099999,03330099999,03354099999,03535099999,EGNX,03544099999"
Loughborough,2014-07-17,77.1,55.3,66.9,77.1,55.3,66.9,57.3,73.8,0.026,100,8.33,rain,,,,77.7,119.3,1020.6,34.9,9.2,319.4,27.4,9,,2014-07-17T05:01:16,2014-07-17T21:20:00,0.67,"Rain, Partially cloudy",Partly cloudy throughout the day with rain clearing later.,rain,"03462099999,03418599999,03379099999,03330099999,03354099999,03535099999,03377099999,EGNX,03544099999"
Loughborough,2014-07-18,81.9,59,69.4,84.5,59,69.7,61.9,78.8,0.049,100,8.33,rain,,,36.9,14.9,82.4,1013.8,44.7,7.8,269,23.1,8,,2014-07-18T05:02:35,2014-07-18T21:18:49,0.71,"Rain, Partially cloudy",Partly cloudy throughout the day with rain in the morning and afternoon.,rain,"03462099999,03379099999,03330099999,03354099999,03535099999,EGNX,03544099999"
Loughborough,2014-07-19,74.8,62.8,66.6,74.8,62.8,66.6,63.7,90.6,0.649,100,16.67,rain,,,43.8,11.1,80.5,1009.1,47.8,5.9,179.8,15.7,7,,2014-07-19T05:03:56,2014-07-19T21:17:36,0.75,"Rain, Partially cloudy",Partly cloudy throughout the day with a chance of rain throughout the day.,rain,"03462099999,03379099999,03330099999,03354099999,03535099999,EGNX,03544099999"
Loughborough,2014-07-20,74.8,61.1,67.8,74.8,61.1,67.8,61.3,81.1,0.058,100,8.33,rain,,,,11.5,307.6,1010.2,58.9,6.8,198.6,17.1,6,,2014-07-20T05:05:18,2014-07-20T21:16:20,0.78,"Rain, Partially cloudy",Partly cloudy throughout the day with rain.,rain,"03462099999,03379099999,03330099999,03354099999,03535099999,EGNX,03544099999"
Loughborough,2014-07-21,75.3,59.2,66.9,75.3,59.2,66.9,56.7,72,0,0,0,,,,,9.5,300.1,1018.4,52.4,8.3,300,25.7,8,,2014-07-21T05:06:41,2014-07-21T21:15:01,0.81,Partially cloudy,Partly cloudy throughout the day.,partly-cloudy-day,"03462099999,03418599999,03379099999,03330099999,03354099999,03535099999,EGNX,03544099999"
Loughborough,2014-07-22,76.7,56.7,65.7,76.7,56.7,65.7,57.5,77.1,0,0,0,,,,,12.2,43,1023.7,49.7,7.5,324.3,28,9,,2014-07-22T05:08:06,2014-07-22T21:13:40,0.84,Partially cloudy,Partly cloudy throughout the day.,partly-cloudy-day,"03462099999,03418599999,03379099999,03330099999,03354099999,03535099999,EGNX,03544099999"
Loughborough,2014-07-23,76.9,58.7,66.8,76.9,58.7,66.8,58.4,76.4,0,0,0,,,,,16.6,50.7,1022.3,44.3,8.6,315.1,27.3,8,,2014-07-23T05:09:33,2014-07-23T21:12:17,0.88,Partially cloudy,Clearing in the afternoon.,partly-cloudy-day,"03462099999,03418599999,03379099999,03330099999,03354099999,03535099999,EGNX,03544099999"
Loughborough,2014-07-24,78.8,58.6,67.1,78.8,58.6,67.1,56.4,72.4,0,0,0,,,,28.9,16.7,50.3,1019.6,53.4,7.7,326.8,28.3,8,,2014-07-24T05:11:00,2014-07-24T21:10:51,0.91,Partially cloudy,Clearing in the afternoon.,partly-cloudy-day,"03462099999,03418599999,03379099999,03330099999,03354099999,03535099999,EGNX,03544099999"
Loughborough,2014-07-25,78.5,57.1,67.3,78.5,57.1,67.3,57.4,72.9,0,0,0,,,,,13.2,40.4,1018.7,22,8,275.2,24,8,,2014-07-25T05:12:29,2014-07-25T21:09:23,0.95,Partially cloudy,Partly cloudy throughout the day.,partly-cloudy-day,"03462099999,03379099999,03330099999,03354099999,03535099999,EGNX,03544099999"
Loughborough,2014-07-26,80.8,58.4,70.1,80.4,58.4,70.1,57.2,67.3,0,0,0,,,,,7.1,320.5,1017.1,46.4,9.3,278.6,24.2,7,,2014-07-26T05:13:59,2014-07-26T21:07:52,0,Partially cloudy,Partly cloudy throughout the day.,partly-cloudy-day,"03462099999,03379099999,03330099999,03354099999,03535099999,EGNX,03544099999"
Loughborough,2014-07-27,71.7,57.6,65.3,71.7,57.6,65.3,53.8,68.2,0.048,100,4.17,rain,,,,13.5,294.7,1016.8,52.5,10.7,299.1,26.1,8,,2014-07-27T05:15:29,2014-07-27T21:06:20,0.02,"Rain, Partially cloudy",Partly cloudy throughout the day with morning rain.,rain,"03462099999,03379099999,03330099999,03354099999,03535099999,EGNX,03544099999"
Loughborough,2014-07-28,72.9,53.3,63.4,72.9,53.3,63.4,51.8,68.7,0.004,100,4.17,rain,,,,8.4,10.2,1016.5,56.6,15,306,26.4,8,,2014-07-28T05:17:01,2014-07-28T21:04:45,0.05,"Rain, Partially cloudy",Partly cloudy throughout the day with early morning rain.,rain,"03462099999,03379099999,03330099999,03354099999,03535099999,03377099999,EGNX,03544099999"
Loughborough,2014-07-29,73.9,55.2,63.6,73.9,55.2,63.6,54.6,74.1,0,0,0,,,,,13.1,297.4,1016.7,37.1,11.6,285.9,24.8,8,,2014-07-29T05:18:34,2014-07-29T21:03:09,0.08,Partially cloudy,Becoming cloudy in the afternoon.,partly-cloudy-day,"03462099999,03379099999,03330099999,03354099999,03535099999,EGNX,03544099999"
Loughborough,2014-07-30,71.5,55.4,62.7,71.5,55.4,62.7,53.7,73.3,0,0,0,,,,,13.3,272.4,1015.5,58,9.5,283.2,24.7,8,,2014-07-30T05:20:07,2014-07-30T21:01:30,0.12,Partially cloudy,Partly cloudy throughout the day.,partly-cloudy-day,"03462099999,03379099999,03330099999,03354099999,03535099999,03377099999,EGNX,03544099999"
Loughborough,2014-07-31,71.5,56.6,64,71.5,56.6,64,56.1,76.1,0.098,100,4.17,rain,,,20.8,12.8,233.3,1012.7,39.2,10.3,214.7,18.6,7,,2014-07-31T05:21:42,2014-07-31T20:59:49,0.15,"Rain, Partially cloudy",Partly cloudy throughout the day with late afternoon rain.,rain,"03462099999,03379099999,03330099999,03354099999,03535099999,EGNX,03544099999"
Loughborough,2014-08-01,74.6,58.4,63.8,74.6,58.4,63.8,58,83,0.078,100,12.5,rain,,,28.9,14,201.3,1007.6,47,6.1,159.6,13.6,4,,2014-08-01T05:23:17,2014-08-01T20:58:07,0.19,"Rain, Partially cloudy",Partly cloudy throughout the day with rain.,rain,"03462099999,03379099999,03330099999,03354099999,03535099999,EGNX,03544099999"
Loughborough,2014-08-02,67.8,58.8,63,67.8,58.8,63,58.3,85.3,0.229,100,16.67,rain,,,30,14.6,165.8,1002.5,57.5,8.1,161.3,14,4,,2014-08-02T05:24:52,2014-08-02T20:56:23,0.22,"Rain, Partially cloudy",Partly cloudy throughout the day with a chance of rain throughout the day.,rain,"03462099999,03379099999,03330099999,03354099999,03535099999,EGNX,03544099999"
Loughborough,2014-08-03,71.3,53,62.2,71.3,53,62.2,49.6,65.7,0,0,0,,,,32.2,19.2,214.8,1006.9,24.6,14.9,303.2,26.1,8,,2014-08-03T05:26:28,2014-08-03T20:54:36,0.25,Partially cloudy,Partly cloudy throughout the day.,partly-cloudy-day,"03462099999,03379099999,03330099999,03354099999,03535099999,EGNX,03544099999"
Loughborough,2014-08-04,72.9,53.1,63,72.9,53.1,63,50.7,66.1,0,0,0,,,,,11.2,241.2,1014.5,38.4,14.4,260.2,22.4,7,,2014-08-04T05:28:05,2014-08-04T20:52:48,0.25,Partially cloudy,Partly cloudy throughout the day.,partly-cloudy-day,"03462099999,03418599999,03379099999,03330099999,03354099999,03535099999,03377099999,EGNX,03544099999"
Loughborough,2014-08-05,69.2,51.8,62.3,69.2,51.8,62.3,54.5,76.4,0.022,100,8.33,rain,,,,13.4,183.5,1016.6,56.4,12,189.1,16.4,6,,2014-08-05T05:29:43,2014-08-05T20:50:59,0.32,"Rain, Partially cloudy",Partly cloudy throughout the day with rain.,rain,"03462099999,03379099999,03330099999,03354099999,03535099999,EGNX,03544099999"
Loughborough,2014-08-06,73.2,60.5,66.1,73.2,60.5,66.1,58.6,78,0.236,100,16.67,rain,,,28.9,19,231.8,1010.3,53.8,8.1,258.5,22.1,8,,2014-08-06T05:31:21,2014-08-06T20:49:08,0.35,"Rain, Partially cloudy",Partly cloudy throughout the day with a chance of rain throughout the day.,rain,"03462099999,03379099999,03330099999,03354099999,03535099999,EGNX,03544099999"
Loughborough,2014-08-07,70.8,55.5,63.7,70.8,55.5,63.7,52.9,70.1,0,0,0,,,,,9.9,291.3,1014.1,52.8,11.6,261.8,22.4,8,,2014-08-07T05:32:59,2014-08-07T20:47:15,0.39,Partially cloudy,Partly cloudy throughout the day.,partly-cloudy-day,"03462099999,03379099999,03330099999,03354099999,03535099999,03377099999,EGNX,03544099999,03373099999"
Loughborough,2014-08-08,72.9,56.9,63.3,72.9,56.9,63.3,57.3,81.8,0.328,100,8.33,rain,,,38,12.7,91.6,1009,72,7.9,198.5,17.1,7,,2014-08-08T05:34:38,2014-08-08T20:45:20,0.42,"Rain, Partially cloudy",Partly cloudy throughout the day with rain.,rain,"03462099999,03379099999,03330099999,03354099999,03535099999,EGNX,03544099999"
Loughborough,2014-08-09,69.9,55.3,62.5,69.9,55.3,62.5,52.4,71.8,0.445,100,12.5,rain,,,33.3,19.9,242.8,1005,46.8,9.1,242.8,20.6,8,,2014-08-09T05:36:17,2014-08-09T20:43:24,0.46,"Rain, Partially cloudy",Becoming cloudy in the afternoon with rain.,rain,"03462099999,03418599999,03379099999,03330099999,03354099999,03535099999,EGNX,03544099999"
Loughborough,2014-08-10,63.9,54.9,57.8,63.9,54.9,57.8,53.7,86.9,0.903,100,16.67,rain,,,42.2,29.8,232.6,997.8,67.2,8.8,142.7,12.2,5,,2014-08-10T05:37:56,2014-08-10T20:41:27,0.5,"Rain, Partially cloudy",Partly cloudy throughout the day with a chance of rain throughout the day.,rain,"03462099999,03379099999,03354099999,03535099999,EGNX,03544099999"
Loughborough,2014-08-11,67.7,53.3,60.2,67.7,53.3,60.2,48,65.9,0.113,100,8.33,rain,,,39,25.8,234.1,1003.4,44.9,13.2,263,22.6,7,,2014-08-11T05:39:36,2014-08-11T20:39:28,0.52,"Rain, Partially cloudy",Partly cloudy throughout the day with rain.,rain,"03462099999,03379099999,03330099999,03354099999,03535099999,03377099999,EGNX,03544099999"
Loughborough,2014-08-12,64.5,51.8,58.6,64.5,51.8,58.6,48.8,71.1,0.042,100,12.5,rain,,,36.9,21.3,224.4,1004.2,48.8,10.2,207.9,18,7,,2014-08-12T05:41:16,2014-08-12T20:37:28,0.56,"Rain, Partially cloudy",Partly cloudy throughout the day with rain.,rain,"03462099999,03379099999,03330099999,03354099999,03535099999,EGNX,03544099999"
Loughborough,2014-08-13,65.8,53.4,59.1,65.8,53.4,59.1,51.6,77.5,0.008,100,8.33,rain,,,34.4,17.9,257.2,1003.6,55.4,10,251.5,21.7,7,,2014-08-13T05:42:56,2014-08-13T20:35:27,0.59,"Rain, Partially cloudy",Partly cloudy throughout the day with rain in the morning and afternoon.,rain,"03462099999,03379099999,03330099999,03354099999,03535099999,EGNX,03544099999"
Loughborough,2014-08-14,65.2,51.6,58.1,65.2,51.6,58.1,51.9,80.8,0.179,100,16.67,rain,,,31.1,11.2,262.8,1008.6,56,8.8,121.3,10.3,3,,2014-08-14T05:44:37,2014-08-14T20:33:24,0.62,"Rain, Partially cloudy",Partly cloudy throughout the day with a chance of rain throughout the day.,rain,"03462099999,03379099999,03330099999,03354099999,03535099999,03377099999,EGNX,03544099999"
Loughborough,2014-08-15,66.1,53.4,58.8,66.1,53.4,58.8,51.6,78.8,0.07,100,12.5,rain,,,,11.7,316.4,1016.1,54.9,8.3,219.2,19.1,6,,2014-08-15T05:46:17,2014-08-15T20:31:20,0.66,"Rain, Partially cloudy",Partly cloudy throughout the day with rain.,rain,"03462099999,03379099999,03330099999,03354099999,03535099999,EGNX,03544099999"
Loughborough,2014-08-16,64.1,51.5,57.7,64.1,51.5,57.7,48.3,71.9,0.012,100,4.17,rain,,,31.1,20.9,251.3,1018.5,72.7,11,226.7,19.6,7,,2014-08-16T05:47:58,2014-08-16T20:29:15,0.69,"Rain, Partially cloudy",Partly cloudy throughout the day with early morning rain.,rain,"03462099999,03379099999,03354099999,03535099999,EGNX,03544099999"
Loughborough,2014-08-17,63.9,54,58.9,63.9,54,58.9,48.2,68.2,0.019,100,12.5,rain,,,34.4,23.7,255.7,1007.5,69.8,8.8,249.6,21.6,8,,2014-08-17T05:49:39,2014-08-17T20:27:09,0.75,"Rain, Partially cloudy",Partly cloudy throughout the day with rain.,rain,"03462099999,03379099999,03330099999,03354099999,03535099999,EGNX,03544099999"
Loughborough,2014-08-18,63.9,51.8,57,63.9,51.8,57,47.3,71.5,0.036,100,12.5,rain,,,34.4,18.5,273.3,1008.2,61.8,9.9,235.2,20.2,7,,2014-08-18T05:51:20,2014-08-18T20:25:02,0.76,"Rain, Partially cloudy",Partly cloudy throughout the day with rain.,rain,"03462099999,03379099999,03330099999,03354099999,03535099999,EGNX,03544099999"
Loughborough,2014-08-19,62.4,48,54.4,62.4,42.9,53.4,43.8,68.9,0.006,100,8.33,rain,,,21.9,14.8,280.5,1012.3,54.7,10.3,211.5,18.1,6,,2014-08-19T05:53:01,2014-08-19T20:22:53,0.79,"Rain, Partially cloudy",Partly cloudy throughout the day with rain in the morning and afternoon.,rain,"03462099999,03379099999,03330099999,03354099999,03535099999,EGNX,03544099999"
Loughborough,2014-08-20,61.6,44.5,52.9,61.6,39.5,51.1,44.2,73.7,0,0,0,,,,,13.5,272.2,1016.5,45.3,11.9,235.9,20.4,7,,2014-08-20T05:54:42,2014-08-20T20:20:44,0.83,Partially cloudy,Partly cloudy throughout the day.,partly-cloudy-day,"03462099999,03379099999,03354099999,03535099999,EGNX,03544099999"
Loughborough,2014-08-21,62.2,46,53.9,62.2,41.7,52.6,45.1,73.3,0,0,0,,,,31.1,18,232.6,1013.3,58.4,11.2,178.3,15.3,6,,2014-08-21T05:56:23,2014-08-21T20:18:34,0.86,Partially cloudy,Partly cloudy throughout the day.,partly-cloudy-day,"03462099999,03379099999,03330099999,03354099999,03535099999,EGNX,03544099999"
Loughborough,2014-08-22,60.5,50,55.3,60.5,50,55.3,48.3,78.2,0.026,100,8.33,rain,,,,14.3,263.8,1010.2,58.5,10,216.7,18.7,7,,2014-08-22T05:58:04,2014-08-22T20:16:22,0.89,"Rain, Partially cloudy",Partly cloudy throughout the day with rain.,rain,"03462099999,03379099999,03330099999,03354099999,03535099999,EGNX,03544099999"
Loughborough,2014-08-23,61.3,46.2,52.6,61.3,41.7,50.8,45.3,77.2,0.039,100,8.33,rain,,,,14.7,270.4,1014.7,43.3,11.6,216.2,18.4,6,,2014-08-23T05:59:46,2014-08-23T20:14:10,0.93,"Rain, Partially cloudy",Partly cloudy throughout the day with rain.,rain,"03462099999,03379099999,03330099999,03354099999,03535099999,03377099999,EGNX,03544099999"
Loughborough,2014-08-24,62.8,44.5,54.9,62.8,41.3,53.9,44.3,69.7,0.001,100,4.17,rain,,,,10.4,240.6,1017.6,48,12.2,160.5,13.9,5,,2014-08-24T06:01:27,2014-08-24T20:11:57,0.96,"Rain, Partially cloudy",Partly cloudy throughout the day with morning rain.,rain,"03462099999,03379099999,03330099999,03354099999,03535099999,EGNX,03544099999"
Loughborough,2014-08-25,57.3,51.9,55.3,57.3,51.9,55.3,52.6,91.2,0.293,100,12.5,rain,,,30,14.2,100.2,1008.1,86.2,5.5,82.5,7.4,3,,2014-08-25T06:03:08,2014-08-25T20:09:43,0,"Rain, Partially cloudy",Partly cloudy throughout the day with rain.,rain,"03462099999,03379099999,03354099999,03535099999,EGNX,03544099999"
Loughborough,2014-08-26,60.7,51.5,57.7,60.7,51.5,57.7,53.8,87.5,0.344,100,12.5,rain,,,31.1,17.6,57.1,1007.6,75.4,6.8,139.2,12.1,5,,2014-08-26T06:04:50,2014-08-26T20:07:28,0.03,"Rain, Partially cloudy",Partly cloudy throughout the day with a chance of rain throughout the day.,rain,"03462099999,03379099999,03330099999,03354099999,03535099999,EGNX,03544099999"
Loughborough,2014-08-27,67.5,46.5,57.1,67.5,44.4,56.7,50.1,79.7,0.001,100,4.17,rain,,,26.4,15.3,107.2,1014.5,63.1,7.9,222.9,19.2,8,,2014-08-27T06:06:31,2014-08-27T20:05:13,0.06,"Rain, Partially cloudy",Partly cloudy throughout the day with afternoon rain.,rain,"03462099999,03379099999,03330099999,03354099999,03535099999,EGNX,03544099999"
Loughborough,2014-08-28,67.7,57,62.6,67.7,57,62.6,55.2,78,0.108,100,12.5,rain,,,20.8,15.9,198.7,1008.8,63.1,8.9,181.9,15.6,5,,2014-08-28T06:08:12,2014-08-28T20:02:57,0.1,"Rain, Partially cloudy",Partly cloudy throughout the day with rain.,rain,"03462099999,03379099999,03330099999,03354099999,03535099999,EGNX,03544099999"
Loughborough,2014-08-29,64.4,55.1,60,64.4,55.1,60,53.7,80.1,0.007,100,4.17,rain,,,32.2,19.5,210.1,1009.5,55.7,8.9,203.1,17.6,6,,2014-08-29T06:09:53,2014-08-29T20:00:40,0.13,"Rain, Partially cloudy",Partly cloudy throughout the day with late afternoon rain.,rain,"03462099999,03379099999,03330099999,03354099999,03535099999,EGNX,03544099999"
Loughborough,2014-08-30,64.2,55.2,59.3,64.2,55.2,59.3,53.1,80.4,0.026,100,8.33,rain,,,34.4,16.2,247.8,1013,57.8,8.9,146.9,12.8,5,,2014-08-30T06:11:35,2014-08-30T19:58:22,0.17,"Rain, Partially cloudy",Partly cloudy throughout the day with rain clearing later.,rain,"03462099999,03379099999,03330099999,03354099999,03535099999,EGNX,03544099999"
Loughborough,2014-08-31,67.7,52.9,60,67.7,52.9,60,52,76.3,0,0,0,,,,,17.1,273.2,1017.3,42.4,10.7,231.2,20,7,,2014-08-31T06:13:16,2014-08-31T19:56:04,0.2,Partially cloudy,Partly cloudy throughout the day.,partly-cloudy-day,"03462099999,03379099999,03330099999,03354099999,03535099999,EGNX,03544099999"
Loughborough,2014-09-01,65.6,54.9,59.7,65.6,54.9,59.7,53.3,79.7,0.02,100,4.17,rain,,,,10.3,260,1019.7,75.1,8,138.4,12,5,,2014-09-01T06:14:57,2014-09-01T19:53:46,0.24,"Rain, Partially cloudy",Partly cloudy throughout the day with afternoon rain.,rain,"03462099999,03379099999,03354099999,03535099999,EGNX,03544099999"
Loughborough,2014-09-02,66.1,50,58.5,66.1,50,58.5,50.1,74.8,0,0,0,,,,,6.7,35.8,1023.7,63.2,8,243.6,21.1,7,,2014-09-02T06:16:38,2014-09-02T19:51:26,0.25,Partially cloudy,Partly cloudy throughout the day.,partly-cloudy-day,"03462099999,03379099999,03330099999,03354099999,03535099999,EGNX,03544099999"
Loughborough,2014-09-03,70.7,55.5,61.6,70.7,55.5,61.6,56.1,83.2,0,0,0,,,,,9.5,70.2,1023.6,75.2,5.7,201.3,17.4,6,,2014-09-03T06:18:19,2014-09-03T19:49:07,0.31,Partially cloudy,Partly cloudy throughout the day.,partly-cloudy-day,"03462099999,03418599999,03379099999,03330099999,03354099999,03535099999,03377099999,EGNX,03544099999,03373099999"
Loughborough,2014-09-04,66.3,54.9,59.9,66.3,54.9,59.9,56.3,88.5,0.001,100,4.17,rain,,,,7,34.6,1020.3,82.4,3.9,191.3,16.4,6,,2014-09-04T06:20:00,2014-09-04T19:46:46,0.34,"Rain, Partially cloudy",Partly cloudy throughout the day with morning rain.,rain,"03462099999,03418599999,03379099999,03330099999,03354099999,03535099999,EGNX,03544099999"
Loughborough,2014-09-05,67.8,53.8,60.7,67.8,53.8,60.7,55.8,84.8,0,0,0,,,,,8.2,313.6,1016.6,74.6,3.6,201.7,17.3,6,,2014-09-05T06:21:42,2014-09-05T19:44:26,0.38,Partially cloudy,Partly cloudy throughout the day.,partly-cloudy-day,"03462099999,03379099999,03330099999,03354099999,03535099999,EGNX,03544099999"
Loughborough,2014-09-06,64.2,55.5,59.6,64.2,55.5,59.6,56.1,88.3,0.039,100,8.33,rain,,,,7.5,309.4,1014.6,67.4,3.9,146.3,12.5,6,,2014-09-06T06:23:23,2014-09-06T19:42:05,0.41,"Rain, Partially cloudy",Partly cloudy throughout the day with rain.,rain,"03462099999,03379099999,03354099999,03535099999,EGNX,03544099999"
Loughborough,2014-09-07,66,47.2,56.6,66,42.9,56,47.2,73.3,0.003,100,4.17,rain,,,,9.1,303.3,1016.3,35.4,8.4,228.9,19.8,7,,2014-09-07T06:25:04,2014-09-07T19:39:43,0.44,"Rain, Partially cloudy",Partly cloudy throughout the day with early morning rain.,rain,"03462099999,03379099999,03330099999,03354099999,03535099999,EGNX,03544099999"
Loughborough,2014-09-08,67.8,46.1,55.8,67.8,43.7,55,47.9,76.7,0,0,0,,,,,8.1,290.9,1019.8,13.7,7.9,223.1,19.1,7,,2014-09-08T06:26:45,2014-09-08T19:37:21,0.48,Clear,Clear conditions throughout the day.,clear-day,"03462099999,03379099999,03330099999,03354099999,03535099999,EGNX,03544099999"
Loughborough,2014-09-09,69.4,46.7,57.7,69.4,44.9,57.5,49.5,76.6,0,0,0,,,,,5.3,20.9,1021.8,29.7,5.8,207,17.9,7,,2014-09-09T06:28:26,2014-09-09T19:34:59,0.5,Partially cloudy,Partly cloudy throughout the day.,partly-cloudy-day,"03462099999,03418599999,03379099999,03330099999,03354099999,03535099999,EGNX,03544099999"
Loughborough,2014-09-10,69.2,49.6,58.5,69.2,49.3,58.5,50.9,77.6,0.001,100,4.17,rain,,,,7.5,99.5,1021.8,19,5.4,196.5,17,6,,2014-09-10T06:30:07,2014-09-10T19:32:37,0.55,Rain,Clear conditions throughout the day with morning rain.,rain,"03462099999,03418599999,03379099999,03330099999,03354099999,03535099999,EGNX,03544099999"
Loughborough,2014-09-11,65.7,49.4,57.1,65.7,48.2,57,49,76.1,0,0,0,,,,,7.8,82.4,1023.3,50.1,5.1,217.7,18.8,7,,2014-09-11T06:31:48,2014-09-11T19:30:14,0.58,Partially cloudy,Partly cloudy throughout the day.,partly-cloudy-day,"03462099999,03379099999,03330099999,03354099999,03535099999,EGNX,03544099999"
Loughborough,2014-09-12,66.1,50.1,57.7,66.1,50.1,57.7,51.8,82,0,0,0,,,,,8.9,56.9,1025.5,68.9,5.2,191,16.3,6,,2014-09-12T06:33:29,2014-09-12T19:27:51,0.61,Partially cloudy,Partly cloudy throughout the day.,partly-cloudy-day,"03462099999,03379099999,03354099999,03535099999,EGNX,03544099999"
Loughborough,2014-09-13,65,52.4,58.2,65,52.4,58.2,52.5,82.7,0.001,100,4.17,rain,,,,10.1,60.7,1028,72.2,5.4,177.8,15.4,6,,2014-09-13T06:35:10,2014-09-13T19:25:27,0.64,"Rain, Partially cloudy",Partly cloudy throughout the day with morning rain.,rain,"03462099999,03379099999,03330099999,03354099999,03535099999,EGNX,03544099999"
Loughborough,2014-09-14,65.6,51.9,58.4,65.6,51.9,58.4,51.9,79.6,0,0,0,,,,,15.5,51.5,1024.8,64.7,6.6,150.7,12.9,5,,2014-09-14T06:36:51,2014-09-14T19:23:04,0.68,Partially cloudy,Partly cloudy throughout the day.,partly-cloudy-day,"03462099999,03379099999,03330099999,03354099999,03535099999,EGNX,03544099999"
Loughborough,2014-09-15,67,53.7,59.4,67,53.7,59.4,56.4,90.2,0.035,100,12.5,rain,,,,8.7,22.6,1018.3,80.8,4.7,159.5,13.7,6,,2014-09-15T06:38:33,2014-09-15T19:20:40,0.71,"Rain, Partially cloudy",Partly cloudy throughout the day with rain.,rain,"03462099999,03379099999,03330099999,03354099999,03535099999,EGNX,03544099999"
Loughborough,2014-09-16,67.8,55.1,59.9,67.8,55.1,59.9,56.7,90,0.006,100,8.33,rain,,,,10.7,58.6,1016.1,72.3,3.3,185.3,15.9,6,,2014-09-16T06:40:14,2014-09-16T19:18:17,0.75,"Rain, Partially cloudy",Partly cloudy throughout the day with rain.,rain,"03462099999,03379099999,03330099999,03354099999,03535099999,EGNX,03544099999"
Loughborough,2014-09-17,66,58.8,60.7,66,58.8,60.7,57.7,90,0,0,0,,,,0,9,45.5,1013.9,87.9,3.7,173.7,15.1,6,,2014-09-17T06:41:55,2014-09-17T19:15:53,0.78,Partially cloudy,Partly cloudy throughout the day.,partly-cloudy-day,"03462099999,03379099999,03354099999,03535099999,EGNX,03544099999"
Loughborough,2014-09-18,71.5,58.7,62.8,71.5,58.7,62.8,58.8,87.4,0,0,0,,,,0,13,54.4,1011.3,70.6,3.2,140.6,12.1,5,,2014-09-18T06:43:37,2014-09-18T19:13:29,0.81,Partially cloudy,Partly cloudy throughout the day.,partly-cloudy-day,"03462099999,03418599999,03379099999,03330099999,03354099999,03535099999,EGNX,03544099999"
Loughborough,2014-09-19,62.4,58.8,59.9,62.4,58.8,59.9,58.1,93.7,0.02,100,8.33,rain,,,,10.8,50.9,1012.5,90.4,2.5,90.2,7.9,4,,2014-09-19T06:45:18,2014-09-19T19:11:05,0.84,"Rain, Overcast",Cloudy skies throughout the day with rain.,rain,"03462099999,03379099999,03354099999,03535099999,EGNX,03544099999"
Loughborough,2014-09-20,63.9,55.5,59.6,63.9,55.5,59.6,56.5,89.9,0.001,100,4.17,rain,,,,13.9,19.7,1017.1,89.1,3.7,108.3,9.4,4,,2014-09-20T06:47:00,2014-09-20T19:08:41,0.87,"Rain, Partially cloudy",Partly cloudy throughout the day with afternoon rain.,rain,"03462099999,03379099999,03354099999,03535099999,EGNX,03544099999"
Loughborough,2014-09-21,61.8,48.1,54.7,61.8,45.6,54.3,47.3,77.6,0.001,100,4.17,rain,,,,13.2,1.7,1025.1,44.9,6.4,182.6,15.9,6,,2014-09-21T06:48:42,2014-09-21T19:06:17,0.91,"Rain, Partially cloudy",Partly cloudy throughout the day with early morning rain.,rain,"03462099999,03379099999,03354099999,03535099999,EGNX,03544099999"
Loughborough,2014-09-22,66.1,41.3,53.2,66.1,36.8,52,45.4,76.9,0,0,0,,,,,8.4,287.5,1025.7,28,5,176.1,15.2,6,,2014-09-22T06:50:23,2014-09-22T19:03:53,0.94,Partially cloudy,Partly cloudy throughout the day.,partly-cloudy-day,"03462099999,03418599999,03379099999,03330099999,03354099999,03535099999,03377099999,EGNX,03544099999"
Loughborough,2014-09-23,64.2,47.4,55.6,64.2,43.9,54.8,48.3,77.7,0,0,0,,,,,12.8,245.9,1019.6,42.6,5.3,104.5,8.9,4,,2014-09-23T06:52:05,2014-09-23T19:01:29,0.97,Partially cloudy,Partly cloudy throughout the day.,partly-cloudy-day,"03462099999,03379099999,03330099999,03354099999,03535099999,EGNX,03544099999"
Loughborough,2014-09-24,62.1,49.6,55.6,62.1,45.5,55.3,47.5,76.3,0.051,100,8.33,rain,,,30,14.6,275.3,1013.8,49.5,8.4,170.2,14.8,6,,2014-09-24T06:53:47,2014-09-24T18:59:06,0,"Rain, Partially cloudy",Partly cloudy throughout the day with rain.,rain,"03462099999,03379099999,03330099999,03354099999,03535099999,EGNX,03544099999"
Loughborough,2014-09-25,65.7,46,55.6,65.7,41.9,54.1,50.5,83.3,0,0,0,,,,31.1,20.6,234.2,1018.1,70.1,10.7,139.6,12.2,5,,2014-09-25T06:55:30,2014-09-25T18:56:42,0.04,Partially cloudy,Partly cloudy throughout the day.,partly-cloudy-day,"03462099999,03379099999,03330099999,03354099999,03535099999,03377099999,EGNX,03544099999"
Loughborough,2014-09-26,67.3,51.8,61.1,67.3,51.8,61.1,52.9,75.1,0,0,0,,,,,15.7,254.8,1021.8,53,10.1,165.1,14.4,6,,2014-09-26T06:57:12,2014-09-26T18:54:18,0.08,Partially cloudy,Partly cloudy throughout the day.,partly-cloudy-day,"03462099999,03379099999,03330099999,03354099999,03535099999,EGNX,03544099999"
Loughborough,2014-09-27,65.8,44.7,55.7,65.8,42.7,55.2,48.4,77.9,0,0,0,,,,,10.3,235,1026.1,66.1,7.6,128,11,5,,2014-09-27T06:58:55,2014-09-27T18:51:55,0.11,Partially cloudy,Partly cloudy throughout the day.,partly-cloudy-day,"03462099999,03379099999,03354099999,03535099999,EGNX,03544099999"
Loughborough,2014-09-28,72.6,55.3,63.2,72.6,55.3,63.2,54.6,74.3,0,0,0,,,,,8,147.8,1021.2,48.2,7.7,110.4,9.5,5,,2014-09-28T07:00:38,2014-09-28T18:49:32,0.15,Partially cloudy,Partly cloudy throughout the day.,partly-cloudy-day,"03462099999,03379099999,03354099999,03535099999,EGNX,03544099999"
Loughborough,2014-09-29,69.3,58.3,62,69.3,58.3,62,56.5,82.8,0.098,100,4.17,rain,,,,7.8,108.7,1019.4,54.2,5.4,95.4,8.2,4,,2014-09-29T07:02:21,2014-09-29T18:47:09,0.18,"Rain, Partially cloudy",Partly cloudy throughout the day with late afternoon rain.,rain,"03462099999,03379099999,03354099999,03535099999,EGNX,03544099999"
Loughborough,2014-09-30,67.9,53.5,60.7,67.9,53.5,60.7,54.6,81.5,0.019,100,4.17,rain,,,17.2,12.6,217.1,1021.4,45.9,5.7,156.9,13.8,5,,2014-09-30T07:04:04,2014-09-30T18:44:47,0.22,"Rain, Partially cloudy",Partly cloudy throughout the day with early morning rain.,rain,"03462099999,03418599999,03379099999,03330099999,03354099999,03535099999,03377099999,EGNX,03544099999,03373099999"
Loughborough,2014-10-01,64.4,55.4,60.2,64.4,55.4,60.2,53.1,78,0.021,100,4.17,rain,,,20.8,15.4,239.5,1023.6,59.3,8.2,124.8,10.7,5,,2014-10-01T07:05:47,2014-10-01T18:42:24,0.25,"Rain, Partially cloudy",Partly cloudy throughout the day with late afternoon rain.,rain,"03462099999,03418599999,03379099999,03330099999,03354099999,03535099999,03377099999,EGNX,03544099999"
Loughborough,2014-10-02,65.6,49.5,56.7,65.6,47.6,56.5,48.8,75.3,0.003,100,4.17,rain,,,,10,210.1,1028.4,55.4,8.5,107.4,9.4,4,,2014-10-02T07:07:31,2014-10-02T18:40:03,0.29,"Rain, Partially cloudy",Partly cloudy throughout the day with early morning rain.,rain,"03462099999,EGBB,03418599999,03379099999,03354099999,03535099999,03534099999,03377099999,EGNX,03544099999"
Loughborough,2014-10-03,66.2,54.9,60,66.2,54.9,60,53.1,79.1,0,0,0,,,,30,18.9,197.6,1020.2,59.3,8.7,145.5,12.6,5,,2014-10-03T07:09:15,2014-10-03T18:37:41,0.32,Partially cloudy,Partly cloudy throughout the day.,partly-cloudy-day,"03462099999,03379099999,03330099999,03354099999,03535099999,EGNX,03544099999"
Loughborough,2014-10-04,60.4,44,53.8,60.4,39.8,53.1,47.6,80.2,0.164,100,4.17,rain,,,32.2,17.7,230.7,1012.8,49.7,10.2,88.2,7.6,4,,2014-10-04T07:10:59,2014-10-04T18:35:20,0.36,"Rain, Partially cloudy",Partly cloudy throughout the day with afternoon rain.,rain,"03462099999,03379099999,03330099999,03354099999,03535099999,EGNX,03544099999"
Loughborough,2014-10-05,60.1,39.3,48.9,60.1,35.9,47.6,41.8,77.8,0,0,0,,,,,10.8,185.3,1018.3,24.3,12,125.1,10.8,5,,2014-10-05T07:12:44,2014-10-05T18:32:59,0.39,Partially cloudy,Partly cloudy throughout the day.,partly-cloudy-day,"03462099999,03379099999,03330099999,03354099999,03535099999,EGNX,03544099999"
Loughborough,2014-10-06,53.3,47.9,50.2,53.3,42.2,47.1,46.8,88.2,0.389,100,12.5,rain,,,32.1,21.1,149.2,1001.7,64.4,7.4,42,3.7,2,,2014-10-06T07:14:28,2014-10-06T18:30:39,0.43,"Rain, Partially cloudy",Partly cloudy throughout the day with rain.,rain,"03462099999,03379099999,03354099999,03535099999,EGNX,03544099999"
Loughborough,2014-10-07,53.6,44.3,47.6,53.6,40.4,44.8,43.6,86.8,0.071,100,16.67,rain,,,32.2,19.7,224.6,995.4,57.3,7.4,110.4,9.6,4,,2014-10-07T07:16:13,2014-10-07T18:28:19,0.47,"Rain, Partially cloudy",Partly cloudy throughout the day with a chance of rain throughout the day.,rain,"03462099999,03379099999,03330099999,03354099999,03535099999,EGNX,03544099999"
Loughborough,2014-10-08,58.6,42.7,49.5,58.6,38.3,47.4,46.2,88.4,0.273,100,8.33,rain,,,35.8,18.9,176.9,994.7,46.2,8.2,74.2,6.2,3,,2014-10-08T07:17:59,2014-10-08T18:26:00,0.5,"Rain, Partially cloudy",Partly cloudy throughout the day with rain.,rain,"03462099999,03379099999,03330099999,03354099999,03535099999,EGNX,03544099999"
Loughborough,2014-10-09,55.7,49.5,52.6,55.7,44.2,51.3,47.5,83,0.057,100,12.5,rain,,,38.6,24.5,201.8,994.6,30.6,9.5,105.8,9,4,,2014-10-09T07:19:44,2014-10-09T18:23:41,0.53,"Rain, Partially cloudy",Partly cloudy throughout the day with rain.,rain,"03462099999,03379099999,03330099999,03354099999,03535099999,EGNX,03544099999"
Loughborough,2014-10-10,62.3,47.8,53.1,62.3,43.1,51.2,47.3,81.9,0.006,100,4.17,rain,,,,16.8,208.4,1007.1,36.2,8,122.9,10.6,5,,2014-10-10T07:21:30,2014-10-10T18:21:23,0.56,"Rain, Partially cloudy",Partly cloudy throughout the day with late afternoon rain.,rain,"03462099999,03379099999,03354099999,03535099999,EGNX,03544099999"
Loughborough,2014-10-11,58.3,44.2,50.2,58.3,42.9,49.1,47.1,89.4,0.064,100,16.67,rain,,,23,8.1,221.5,1010.3,29.2,6.5,62.9,5.3,2,,2014-10-11T07:23:16,2014-10-11T18:19:06,0.6,"Rain, Partially cloudy",Partly cloudy throughout the day with a chance of rain throughout the day.,rain,"03462099999,03379099999,03354099999,03535099999,EGNX,03544099999"
Loughborough,2014-10-12,55.2,37.6,46.6,55.2,35.4,45.1,44.3,92.2,0.01,100,8.33,rain,,,,11,33.5,1012.1,48.6,4.6,69.2,5.9,3,,2014-10-12T07:25:03,2014-10-12T18:16:49,0.63,"Rain, Partially cloudy",Partly cloudy throughout the day with rain.,rain,"03462099999,03379099999,03330099999,03354099999,03535099999,03377099999,EGNX,03544099999"
Loughborough,2014-10-13,51.8,50,51.5,51.8,50,51.5,49.5,92.9,0.37,100,12.5,rain,,,39.1,21.7,17.1,1003.8,87.3,5.1,27.4,2.3,1,,2014-10-13T07:26:50,2014-10-13T18:14:33,0.66,"Rain, Partially cloudy",Partly cloudy throughout the day with rain.,rain,"03462099999,03379099999,03330099999,03354099999,03535099999,EGNX,03544099999"
Loughborough,2014-10-14,53.5,50.1,51.7,53.5,50.1,51.7,50.2,94.7,0.508,100,12.5,rain,,,38,18.2,2.3,1005.4,89.7,5.5,58.4,5.1,2,,2014-10-14T07:28:37,2014-10-14T18:12:18,0.69,"Rain, Partially cloudy",Partly cloudy throughout the day with a chance of rain throughout the day.,rain,"03462099999,03418599999,03379099999,03330099999,03354099999,03535099999,EGNX,03544099999"
Loughborough,2014-10-15,58.3,51.6,53.4,58.3,51.6,53.4,51.6,93.8,0.047,100,12.5,rain,,,,11.9,86,1004.8,79.2,5.2,91.8,7.9,4,,2014-10-15T07:30:24,2014-10-15T18:10:03,0.75,"Rain, Partially cloudy",Partly cloudy throughout the day with rain.,rain,"03462099999,03379099999,03330099999,03354099999,03535099999,03377099999,EGNX,03544099999"
Loughborough,2014-10-16,60.7,52.6,55.8,60.7,52.6,55.8,53.1,91.2,0.265,100,8.33,rain,,,,9.4,196.1,1000.7,62.8,5.9,94.5,8.1,4,,2014-10-16T07:32:12,2014-10-16T18:07:49,0.76,"Rain, Partially cloudy",Partly cloudy throughout the day with rain.,rain,"03462099999,03379099999,03330099999,03354099999,03535099999,EGNX,03544099999"
Loughborough,2014-10-17,64.3,54.8,58.9,64.3,54.8,58.9,54.8,86.8,0.006,100,8.33,rain,,,,15.8,189.5,1006.8,49.9,6.7,104.2,9,5,,2014-10-17T07:34:00,2014-10-17T18:05:37,0.79,"Rain, Partially cloudy",Partly cloudy throughout the day with rain.,rain,"03462099999,03379099999,03354099999,03535099999,EGNX,03544099999"
Loughborough,2014-10-18,65.8,58.9,62.4,65.8,58.9,62.4,57.5,84.2,0.107,100,8.33,rain,,,33.6,21.1,187.3,1007.1,66.9,8.6,66.8,5.8,3,,2014-10-18T07:35:48,2014-10-18T18:03:25,0.82,"Rain, Partially cloudy",Partly cloudy throughout the day with rain.,rain,"03462099999,03379099999,03330099999,03354099999,03535099999,EGNX,03544099999"
Loughborough,2014-10-19,64.3,56.8,59.9,64.3,56.8,59.9,52.3,76.6,0.006,100,4.17,rain,,,37.9,25.5,218.3,1009.3,51.7,9.2,103.3,9,4,,2014-10-19T07:37:37,2014-10-19T18:01:14,0.86,"Rain, Partially cloudy",Partly cloudy throughout the day with late afternoon rain.,rain,"03462099999,03379099999,03354099999,03535099999,EGNX,03544099999"
Loughborough,2014-10-20,57,51,54.5,57,51,54.5,49.4,82.9,0.052,100,8.33,rain,,,20.8,14.8,223.2,1012.9,51.7,8.6,70.5,6.1,3,,2014-10-20T07:39:26,2014-10-20T17:59:04,0.89,"Rain, Partially cloudy",Partly cloudy throughout the day with rain.,rain,"03462099999,03379099999,03330099999,03354099999,03535099999,EGNX,03544099999"
Loughborough,2014-10-21,55.1,43,49.8,55.1,35,47.3,43.8,80.1,0.123,100,12.5,rain,,,49.1,30.4,258.9,1005.5,64.4,8.5,89,7.8,3,,2014-10-21T07:41:15,2014-10-21T17:56:54,0.92,"Rain, Partially cloudy",Partly cloudy throughout the day with rain.,rain,"03462099999,03379099999,03330099999,03354099999,03535099999,03377099999,EGNX,03544099999"
Loughborough,2014-10-22,53.4,44.3,49,53.4,37.2,46.5,43.7,81.9,0.032,100,8.33,rain,,,26.4,15.3,245.3,1022.4,54.1,7.3,65.6,5.6,2,,2014-10-22T07:43:05,2014-10-22T17:54:46,0.95,"Rain, Partially cloudy",Partly cloudy throughout the day with rain.,rain,"03462099999,03379099999,03330099999,03354099999,03535099999,EGNX,03544099999"
Loughborough,2014-10-23,58.9,51.4,55.2,58.9,51.4,55.2,50.6,84.5,0.011,100,4.17,rain,,,32.2,17,208.6,1016.8,75.7,7.6,64.4,5.4,3,,2014-10-23T07:44:55,2014-10-23T17:52:40,0,"Rain, Partially cloudy",Partly cloudy throughout the day with early morning rain.,rain,"03462099999,03379099999,03354099999,03535099999,EGNX,03544099999"
Loughborough,2014-10-24,58.9,47.7,54.9,58.9,44.3,54.5,52.7,92.3,0.081,100,8.33,rain,,,24.2,12.9,226.2,1012.8,70.5,8.2,56.6,4.8,2,,2014-10-24T07:46:45,2014-10-24T17:50:34,0.02,"Rain, Partially cloudy",Partly cloudy throughout the day with rain.,rain,"03462099999,03379099999,03330099999,03354099999,03535099999,EGNX,03544099999"
Loughborough,2014-10-25,56.8,45.5,50.7,56.8,40.2,48.5,46.5,85.8,0.006,100,8.33,rain,,,28.9,18.2,215.6,1015.8,40.7,8.9,71.2,6.2,4,,2014-10-25T07:48:35,2014-10-25T17:48:29,0.06,"Rain, Partially cloudy",Becoming cloudy in the afternoon with rain.,rain,"03462099999,03379099999,03354099999,03535099999,EGNX,03544099999"
Loughborough,2014-10-26,57,51.7,54.3,57,51.7,54.3,48.4,80.5,0,0,0,,,,31.1,21.3,206.9,1017.6,77.7,10.2,54.6,4.9,3,,2014-10-26T06:50:26,2014-10-26T16:46:26,0.09,Partially cloudy,Partly cloudy throughout the day.,partly-cloudy-day,"03462099999,03379099999,03330099999,03354099999,03535099999,EGNX,03544099999"
Loughborough,2014-10-27,60.7,55.4,58,60.7,55.4,58,52.9,83.1,0,0,0,,,,30,19.9,204,1016.7,89,8,91.2,7.9,4,,2014-10-27T06:52:17,2014-10-27T16:44:24,0.13,Partially cloudy,Partly cloudy throughout the day.,partly-cloudy-day,"03462099999,03418599999,03379099999,03330099999,03354099999,03535099999,03377099999,EGNX,03544099999"
Loughborough,2014-10-28,65.9,52.1,58.6,65.9,52.1,58.6,52.8,81.8,0.011,100,4.17,rain,,,20.8,17.1,206.6,1010.7,42.8,10,81.3,7.1,3,,2014-10-28T06:54:08,2014-10-28T16:42:23,0.16,"Rain, Partially cloudy",Partly cloudy throughout the day with late afternoon rain.,rain,"03462099999,03379099999,03354099999,03535099999,EGNX,03544099999"
Loughborough,2014-10-29,51.6,48,49.6,51.6,44.6,47.4,46.7,89.7,0.056,100,12.5,rain,,,,10.7,63.5,1016.9,89.5,6.2,38.9,3.4,2,,2014-10-29T06:55:59,2014-10-29T16:40:24,0.2,"Rain, Partially cloudy",Partly cloudy throughout the day with rain.,rain,"03462099999,03379099999,03354099999,03535099999,EGNX,03544099999"
Loughborough,2014-10-30,64.1,50,57.8,64.1,46.4,57.7,55.5,92.3,0.033,100,4.17,rain,,,,13.4,172.7,1016.5,82,4.3,75.1,6.3,3,,2014-10-30T06:57:50,2014-10-30T16:38:26,0.23,"Rain, Partially cloudy",Partly cloudy throughout the day with early morning rain.,rain,"03462099999,03379099999,03330099999,03354099999,03535099999,EGNX,03544099999"
Loughborough,2014-10-31,67.6,57.1,61.6,67.6,57.1,61.6,55.9,82.3,0.002,100,8.33,rain,,,21.9,17.5,180.8,1014.1,42.1,7.7,49.6,4.2,2,,2014-10-31T06:59:42,2014-10-31T16:36:29,0.25,"Rain, Partially cloudy",Partly cloudy throughout the day with rain in the morning and afternoon.,rain,"03462099999,03379099999,03354099999,03535099999,EGNX,03544099999"
Loughborough,2014-11-01,60.6,55,57.2,60.6,55,57.2,50.4,78.6,0.015,100,8.33,rain,,,33,21.7,197.9,1011.3,46.8,8.9,90,7.7,4,,2014-11-01T07:01:34,2014-11-01T16:34:35,0.31,"Rain, Partially cloudy",Partly cloudy throughout the day with rain in the morning and afternoon.,rain,"03462099999,03379099999,03354099999,03535099999,EGNX,03544099999"
Loughborough,2014-11-02,57,48,53.9,57,42.6,53.1,49.8,86.2,0.19,100,8.33,rain,,,33.1,22,203.7,1001.5,67.4,8.7,36,3,2,,2014-11-02T07:03:25,2014-11-02T16:32:41,0.34,"Rain, Partially cloudy",Partly cloudy throughout the day with rain in the morning and afternoon.,rain,"03462099999,03379099999,03354099999,03535099999,EGNX,03544099999"
Loughborough,2014-11-03,51.6,43.9,47,51.6,37.8,42.4,41.8,82.5,0.031,100,12.5,rain,,,23,18.4,195,989.6,41.1,11.4,77.2,6.6,3,,2014-11-03T07:05:17,2014-11-03T16:30:49,0.38,"Rain, Partially cloudy",Partly cloudy throughout the day with a chance of rain throughout the day.,rain,"03462099999,03379099999,03354099999,03535099999,EGNX,03544099999"
Loughborough,2014-11-04,48.3,36,41.2,48.3,31.9,38.4,39.2,92.8,0.003,100,8.33,rain,,,,10,256.5,992.9,46.8,5.3,55.9,4.7,3,,2014-11-04T07:07:09,2014-11-04T16:28:59,0.41,"Rain, Partially cloudy",Partly cloudy throughout the day with rain.,rain,"03462099999,03379099999,03330099999,03354099999,03535099999,EGNX,03544099999"
Loughborough,2014-11-05,49.8,34.2,42.2,45.2,28.8,37.9,37.4,83.9,0.006,100,12.5,rain,,,,15.4,329.6,1005.4,33.2,6.2,61.2,5.3,3,,2014-11-05T07:09:00,2014-11-05T16:27:11,0.45,"Rain, Partially cloudy",Clearing in the afternoon with rain.,rain,"03462099999,03379099999,03330099999,03354099999,03535099999,EGNX,03544099999"
Loughborough,2014-11-06,49.9,33.4,43.3,44.5,26.7,37.6,38.8,84.4,0.002,100,8.33,rain,,,34.4,21,164.7,1004.3,50.8,6.4,46.4,4,2,,2014-11-06T07:10:52,2014-11-06T16:25:24,0.5,"Rain, Partially cloudy",Partly cloudy throughout the day with rain.,rain,"03462099999,03379099999,03330099999,03354099999,03535099999,EGNX,03544099999"
Loughborough,2014-11-07,53.4,43.9,49.2,53.4,35.3,45.8,47.1,92.4,0.519,100,16.67,rain,,,39.7,27.7,190.4,990.2,71.4,7.2,31.4,2.7,1,,2014-11-07T07:12:43,2014-11-07T16:23:40,0.52,"Rain, Partially cloudy",Partly cloudy throughout the day with a chance of rain throughout the day.,rain,"03462099999,03379099999,03330099999,03354099999,03535099999,EGNX,03544099999"
Loughborough,2014-11-08,53.3,42.6,47.5,53.3,35.7,43.5,44.6,89.7,0.276,100,16.67,rain,,,31.1,17,185.9,997.7,52.2,8.5,20.4,1.6,1,,2014-11-08T07:14:34,2014-11-08T16:21:57,0.55,"Rain, Partially cloudy",Partly cloudy throughout the day with a chance of rain throughout the day.,rain,"03462099999,03379099999,03330099999,03354099999,03535099999,EGNX,03544099999"
Loughborough,2014-11-09,53.2,38.9,45.1,53.2,35.8,42,42.3,90.1,0.005,100,4.17,rain,,,,8.4,194.8,1002.2,34.1,6.2,64.2,5.5,3,,2014-11-09T07:16:26,2014-11-09T16:20:16,0.58,"Rain, Partially cloudy",Partly cloudy throughout the day with early morning rain.,rain,"03462099999,03379099999,03330099999,03354099999,03535099999,EGNX,03544099999"
Loughborough,2014-11-10,53.1,40.7,46.8,53.1,35.5,43.2,44,90.2,0.011,100,12.5,rain,,,31.1,15.3,172.1,1001.2,52.1,5.9,49.3,4.4,3,,2014-11-10T07:18:16,2014-11-10T16:18:37,0.61,"Rain, Partially cloudy",Partly cloudy throughout the day with a chance of rain throughout the day.,rain,"03462099999,03379099999,03330099999,03354099999,03535099999,EGNX,03544099999"
Loughborough,2014-11-11,53.3,49.7,50.9,53.3,44,49.1,46.9,86.4,0.031,100,12.5,rain,,,32.2,17.4,130.6,995.5,76.5,7.6,34.5,3,2,,2014-11-11T07:20:07,2014-11-11T16:17:00,0.65,"Rain, Partially cloudy",Partly cloudy throughout the day with a chance of rain throughout the day.,rain,"03462099999,03418599999,03379099999,03330099999,03354099999,03535099999,03377099999,EGNX,03544099999"
Loughborough,2014-11-12,53.1,46.2,50.3,53.1,41,48.6,46.7,87.5,0.185,100,12.5,rain,,,30,15.8,155.9,995.4,57.8,8.5,44.9,3.7,2,,2014-11-12T07:21:57,2014-11-12T16:15:25,0.68,"Rain, Partially cloudy",Partly cloudy throughout the day with a chance of rain throughout the day.,rain,"03462099999,03379099999,03330099999,03354099999,03535099999,EGNX,03544099999"
Loughborough,2014-11-13,53.5,45.9,51.2,53.5,41.9,49.4,48.4,90.2,0.002,100,8.33,rain,,,34,22.9,142.7,1001.8,77.9,7.7,23.1,2,1,,2014-11-13T07:23:46,2014-11-13T16:13:53,0.71,"Rain, Partially cloudy",Partly cloudy throughout the day with rain in the morning and afternoon.,rain,"03462099999,03379099999,03330099999,03354099999,03535099999,EGNX,03544099999"
Loughborough,2014-11-14,56.6,44,50.2,56.6,39,49.3,47.3,89.8,0.387,100,8.33,rain,,,38,17.4,139.4,998.5,54.3,8.3,35.7,3,2,,2014-11-14T07:25:36,2014-11-14T16:12:23,0.75,"Rain, Partially cloudy",Partly cloudy throughout the day with rain in the morning and afternoon.,rain,"03462099999,03379099999,03330099999,03354099999,03535099999,EGNX,03544099999"
Loughborough,2014-11-15,47.9,40.8,44.4,47.8,36.1,41.4,43.8,97.7,0.152,100,8.33,rain,,,,9.1,81.6,999.8,80.7,2.2,14.8,1.4,1,,2014-11-15T07:27:24,2014-11-15T16:10:54,0.77,"Rain, Partially cloudy",Partly cloudy throughout the day with rain in the morning and afternoon.,rain,"03462099999,03379099999,03330099999,03354099999,03535099999,EGNX,03544099999"
Loughborough,2014-11-16,72.5,45.3,49.4,72.5,40.7,46.3,46.6,92.3,0.025,100,12.5,rain,,,,10.8,32.7,1000.9,86,3.1,13.3,1.1,1,,2014-11-16T07:29:12,2014-11-16T16:09:29,0.81,"Rain, Partially cloudy",Partly cloudy throughout the day with rain.,rain,"03462099999,03379099999,03330099999,03354099999,03535099999,EGNX,03544099999"
Loughborough,2014-11-17,48.3,44.7,47,44.5,39.3,42.5,45.4,94.3,0.245,100,12.5,rain,,,23,15.4,32.2,1001.5,79,5.8,29.5,2.6,1,,2014-11-17T07:30:59,2014-11-17T16:08:05,0.84,"Rain, Partially cloudy",Partly cloudy throughout the day with a chance of rain throughout the day.,rain,"03462099999,03379099999,03330099999,03354099999,03535099999,EGNX,03544099999"
Loughborough,2014-11-18,51.9,41.5,46.8,51.9,37.7,43.9,45,93.7,0.026,100,8.33,rain,,,,13.3,52.6,1012,61.3,5.4,40.1,3.5,2,,2014-11-18T07:32:46,2014-11-18T16:06:45,0.87,"Rain, Partially cloudy",Becoming cloudy in the afternoon with rain in the morning and afternoon.,rain,"03462099999,03379099999,03330099999,03354099999,03535099999,EGNX,03544099999"
Loughborough,2014-11-19,49.8,43,45.9,47.5,38.9,42.7,44.5,95.2,0.002,100,8.33,rain,,,,8.6,102.8,1019.5,32.8,3.2,28.8,2.6,1,,2014-11-19T07:34:31,2014-11-19T16:05:26,0.9,"Rain, Partially cloudy",Partly cloudy throughout the day with rain in the morning and afternoon.,rain,"03462099999,03379099999,03354099999,03535099999,EGNX,03544099999"
Loughborough,2014-11-20,49.8,38,43.1,48,34.6,40.8,42,96.1,0.001,100,4.17,rain,,,,6.3,79.6,1025.4,43.1,1.8,39.6,3.5,2,,2014-11-20T07:36:16,2014-11-20T16:04:11,0.94,"Rain, Partially cloudy",Partly cloudy throughout the day with late afternoon rain.,rain,"03462099999,03379099999,03330099999,03354099999,03535099999,EGNX,03544099999"
Loughborough,2014-11-21,46.3,41.3,44.4,42.8,38.4,40.1,43,94.9,0.102,100,4.17,rain,,,33.3,15.2,105.8,1018.4,90.8,2.6,13.1,1.1,1,,2014-11-21T07:38:00,2014-11-21T16:02:58,0.97,"Rain, Overcast",Cloudy skies throughout the day with late afternoon rain.,rain,"03462099999,03379099999,03330099999,03354099999,03535099999,EGNX,03544099999"
Loughborough,2014-11-22,57,46.2,51.4,57,41.6,49.8,50,94.9,0.22,100,12.5,rain,,,,12.5,182.1,1011.9,74.9,4.3,35.4,3,2,,2014-11-22T07:39:42,2014-11-22T16:01:47,0,"Rain, Partially cloudy",Partly cloudy throughout the day with rain.,rain,"03462099999,03379099999,03330099999,03354099999,03535099999,EGNX,03544099999"
Loughborough,2014-11-23,48,37.1,44,45.4,30.3,40.2,42.6,94.5,0.227,100,12.5,rain,,,,9.9,281.9,1017.8,49,7.2,13.8,1.1,1,,2014-11-23T07:41:24,2014-11-23T16:00:40,0.03,"Rain, Partially cloudy",Partly cloudy throughout the day with a chance of rain throughout the day.,rain,"03462099999,03379099999,03330099999,03354099999,03535099999,EGNX,03544099999"
Loughborough,2014-11-24,44.6,33.2,37.4,42.1,27.3,32.6,35.5,92.8,0.001,100,4.17,rain,,,,11.5,242.5,1026,14.1,7.7,37.9,3.3,2,,2014-11-24T07:43:04,2014-11-24T15:59:35,0.07,Rain,Clear conditions throughout the day with afternoon rain.,rain,"03462099999,03379099999,03330099999,03354099999,03535099999,EGNX,03544099999"
Loughborough,2014-11-25,42.7,28.3,35.5,38.3,28.3,33.1,34.9,97.6,0.008,100,4.17,"rain,snow",,,,8,16,1023.7,48.7,2.9,29.6,2.7,2,,2014-11-25T07:44:43,2014-11-25T15:58:33,0.11,"Snow, Rain, Partially cloudy",Partly cloudy throughout the day with afternoon rain or snow.,rain,"03462099999,03379099999,03330099999,03354099999,03535099999,EGNX,03544099999"
Loughborough,2014-11-26,44.7,42.8,44.3,44.5,38.3,41.1,44.1,99.1,0.15,100,12.5,rain,,,28.9,10.5,37.7,1012.3,90.4,1.7,9.1,0.8,1,,2014-11-26T07:46:20,2014-11-26T15:57:34,0.14,"Rain, Overcast",Cloudy skies throughout the day with a chance of rain throughout the day.,rain,"03462099999,03379099999,03330099999,03354099999,03535099999,EGNX,03544099999"
Loughborough,2014-11-27,46.4,44.2,45,46.4,40.3,43.4,44.6,98.8,0.085,100,12.5,rain,,,,7.2,99.1,1003.4,91.4,2.4,23.5,2,1,,2014-11-27T07:47:56,2014-11-27T15:56:38,0.18,"Rain, Overcast",Cloudy skies throughout the day with a chance of rain throughout the day.,rain,"03462099999,03379099999,03354099999,03535099999,EGNX,03544099999"
Loughborough,2014-11-28,51.5,44.9,48.6,51.5,41.7,45.2,48.3,98.6,0,0,0,,,,35.8,11.2,66.5,1005.1,92.7,2.4,17.3,1.5,1,,2014-11-28T07:49:30,2014-11-28T15:55:45,0.21,Overcast,Cloudy skies throughout the day.,cloudy,"03462099999,03379099999,03330099999,03354099999,03535099999,EGNX,03544099999"
Loughborough,2014-11-29,51.5,45.2,48.6,51.5,43.5,46.1,47.8,97,0.017,100,8.33,rain,,,,11.7,81.6,1010.8,93.3,2.4,40.6,3.5,2,,2014-11-29T07:51:03,2014-11-29T15:54:55,0.25,"Rain, Overcast",Cloudy skies throughout the day with rain.,rain,"03462099999,03379099999,03330099999,03354099999,03535099999,EGNX,03544099999"
Loughborough,2014-11-30,51.6,44.6,48.8,51.6,38.7,45.7,46.3,91.4,0.006,100,8.33,rain,,,,11.9,295.4,1014.5,67.3,5.9,45.3,3.9,2,,2014-11-30T07:52:34,2014-11-30T15:54:09,0.28,"Rain, Partially cloudy",Partly cloudy throughout the day with rain clearing later.,rain,"03462099999,03379099999,03354099999,03535099999,EGNX,03544099999"
Loughborough,2014-12-01,47.8,42.7,44.7,44.2,40.5,41.9,41.6,88.9,0.001,100,4.17,rain,0,0,17,9.3,38,1015.2,93.7,5.3,14.4,1.2,1,,2014-12-01T07:54:02,2014-12-01T15:53:25,0.32,"Rain, Overcast",Cloudy skies throughout the day with early morning rain.,rain,"03462099999,03379099999,03330099999,03354099999,03535099999,EGNX,03544099999"
Loughborough,2014-12-02,45.9,37.3,42.3,40.5,29.4,35.6,36.5,80.4,0.004,100,8.33,rain,0,0,31.1,18.6,343.8,1020.5,58,10.1,33.4,2.9,2,,2014-12-02T07:55:29,2014-12-02T15:52:45,0.36,"Rain, Partially cloudy",Partly cloudy throughout the day with rain in the morning and afternoon.,rain,"03462099999,03379099999,03330099999,03354099999,03535099999,EGNX,03544099999"
Loughborough,2014-12-03,44.5,34,38.5,39.7,26.9,32.8,33.1,81.1,0,0,0,,0,0,21.5,11.9,354.8,1025.8,33.3,11.2,40.2,3.4,2,,2014-12-03T07:56:54,2014-12-03T15:52:08,0.39,Partially cloudy,Partly cloudy throughout the day.,partly-cloudy-day,"03462099999,03379099999,03330099999,03354099999,03535099999,EGNX,03544099999"
Loughborough,2014-12-04,40.8,37.5,39.3,39,33,36.1,36.6,90.1,0.002,100,4.17,rain,0,0,13.6,6.4,22.9,1017.4,81.5,6,20.4,1.8,1,,2014-12-04T07:58:17,2014-12-04T15:51:35,0.43,"Rain, Partially cloudy",Partly cloudy throughout the day with early morning rain.,rain,"03462099999,03379099999,03354099999,03535099999,EGNX,03544099999"
Loughborough,2014-12-05,44.4,32.5,38.1,38.6,25.2,31.7,34.7,87.9,0.017,100,12.5,rain,0,0,22.1,14.6,274.4,1019.4,51.5,7.7,19.7,1.7,1,,2014-12-05T07:59:37,2014-12-05T15:51:05,0.46,"Rain, Partially cloudy",Partly cloudy throughout the day with rain.,rain,"03462099999,03379099999,03354099999,03535099999,EGNX,03544099999"
Loughborough,2014-12-06,44,27.5,36.3,39.1,19.7,29.5,33.1,88.1,0.003,100,8.33,"rain,snow",0,0,23.3,15.8,235.8,1026,21.6,9.3,41.9,3.7,2,,2014-12-06T08:00:55,2014-12-06T15:50:38,0.5,"Snow, Rain, Partially cloudy",Partly cloudy throughout the day with rain or snow.,rain,"03462099999,03379099999,03330099999,03354099999,03535099999,EGNX,03544099999"
Loughborough,2014-12-07,48,35.7,42.6,41.6,27.5,35.3,37.4,82.1,0.031,100,4.17,rain,0,0,33,19.1,239.5,1016,48.7,9.7,29,2.5,1,,2014-12-07T08:02:11,2014-12-07T15:50:15,0.53,"Rain, Partially cloudy",Partly cloudy throughout the day with afternoon rain.,rain,"03462099999,03379099999,03330099999,03354099999,03535099999,EGNX,03544099999"
Loughborough,2014-12-08,42.4,33.9,36.9,35.6,24.7,28.8,33.6,87.9,0.014,100,12.5,"rain,snow",0,0,30,18,251.4,1018.8,32.9,10.2,37,3.3,2,,2014-12-08T08:03:24,2014-12-08T15:49:55,0.56,"Snow, Rain, Partially cloudy",Partly cloudy throughout the day with rain or snow.,rain,"03462099999,03379099999,03330099999,03354099999,03535099999,EGNX,03544099999"
Loughborough,2014-12-09,51.6,31.9,40,51.6,24,32.8,37.2,89.7,0.001,100,4.17,rain,0,0,39.7,27.7,208,1020.7,55.9,7.2,15.3,1.3,1,,2014-12-09T08:04:35,2014-12-09T15:49:39,0.6,"Rain, Partially cloudy",Partly cloudy throughout the day with afternoon rain.,rain,"03462099999,03379099999,03330099999,03354099999,03535099999,EGNX,03544099999"
Loughborough,2014-12-10,48.5,39,42.7,41.1,29.4,33.7,35.3,75.4,0.036,100,4.17,rain,0,0,41.1,27.4,246.2,1010.8,37,8.5,39.4,3.5,2,,2014-12-10T08:05:42,2014-12-10T15:49:26,0.63,"Rain, Partially cloudy",Partly cloudy throughout the day with early morning rain.,rain,"03462099999,EGBB,03418599999,03379099999,03330099999,03354099999,03535099999,03534099999,03377099999,EGNX,03544099999,03373099999"
Loughborough,2014-12-11,42.6,38.7,41.1,35.8,29.6,32.4,36.1,82.6,0.068,100,12.5,rain,0,0,36.6,25.4,236.8,1004.4,53.9,7.6,32.9,2.8,2,,2014-12-11T08:06:47,2014-12-11T15:49:17,0.66,"Rain, Partially cloudy",Partly cloudy throughout the day with a chance of rain throughout the day.,rain,"03462099999,03418599999,03379099999,03330099999,03354099999,03535099999,EGNX,03544099999"
Loughborough,2014-12-12,42.7,35.3,39.3,39.4,26.3,31.6,35.8,87.4,0.516,100,12.5,rain,0,0,41.6,16.2,245.5,994.6,62.1,8,26.8,2.2,2,,2014-12-12T08:07:50,2014-12-12T15:49:11,0.69,"Rain, Partially cloudy",Partly cloudy throughout the day with a chance of rain throughout the day.,rain,"03462099999,03379099999,03330099999,03354099999,03535099999,EGNX,03544099999"
Loughborough,2014-12-13,40.9,30.3,35.4,34.7,23.2,28.3,32.2,88.3,0.003,100,8.33,rain,0,0,19,14.5,241.3,1010,26.6,7.3,40.4,3.4,2,,2014-12-13T08:08:49,2014-12-13T15:49:09,0.72,"Rain, Partially cloudy",Partly cloudy throughout the day with rain.,rain,"03462099999,03379099999,03330099999,03354099999,03535099999,EGNX,03544099999"
Loughborough,2014-12-14,46.3,35.3,42,39,26.8,34.2,38.2,86.4,0,0,0,,0,0,34.4,20.9,210.2,1007.6,68.2,7.9,20.6,1.7,1,,2014-12-14T08:09:45,2014-12-14T15:49:11,0.75,Partially cloudy,Partly cloudy throughout the day.,partly-cloudy-day,"03462099999,03379099999,03354099999,03535099999,EGNX,03544099999"
Loughborough,2014-12-15,44.5,35.9,40.7,39.1,28.8,34.4,37.1,86.8,0.045,100,8.33,rain,0,0,20.8,13.5,236.7,1010.2,49.7,8.2,31.1,2.7,2,,2014-12-15T08:10:38,2014-12-15T15:49:17,0.79,"Rain, Partially cloudy",Partly cloudy throughout the day with rain.,rain,"03462099999,03379099999,03330099999,03354099999,03535099999,EGNX,03544099999"
Loughborough,2014-12-16,44.3,35.7,40.7,38.4,28.9,34,37.3,87.6,0.009,100,8.33,rain,0,0,26.8,18.8,235,1012.3,60.1,7.3,26,2.1,1,,2014-12-16T08:11:29,2014-12-16T15:49:26,0.82,"Rain, Partially cloudy",Partly cloudy throughout the day with rain in the morning and afternoon.,rain,"03462099999,03379099999,03354099999,03535099999,EGNX,03544099999"
Loughborough,2014-12-17,54.8,42.7,50.3,54.8,34.2,48.4,48.3,92.9,0.215,100,8.33,rain,0,0,34.4,19.8,236.8,1003.6,74.7,7.3,12.7,1.1,1,,2014-12-17T08:12:15,2014-12-17T15:49:38,0.85,"Rain, Partially cloudy",Partly cloudy throughout the day with rain.,rain,"03462099999,03379099999,03354099999,03535099999,EGNX,03544099999"
Loughborough,2014-12-18,55.5,51.6,54.1,55.5,51.6,54.1,50.4,87.3,0.021,100,8.33,rain,0,0,38.3,25.8,226.1,1005.1,85.9,9.5,7.3,0.5,0,,2014-12-18T08:12:59,2014-12-18T15:49:54,0.89,"Rain, Partially cloudy",Partly cloudy throughout the day with rain.,rain,"03462099999,03379099999,03354099999,03535099999,EGNX,03544099999"
Loughborough,2014-12-19,53.4,42.5,45.1,53.4,32.5,37.5,38.9,78.9,0.084,100,8.33,rain,0,0,39.3,27.2,254.7,1012,39.7,11.8,36.8,3.3,2,,2014-12-19T08:13:39,2014-12-19T15:50:14,0.92,"Rain, Partially cloudy",Partly cloudy throughout the day with rain clearing later.,rain,"03462099999,03379099999,03330099999,03354099999,03535099999,EGNX,03544099999"
Loughborough,2014-12-20,46.3,42.5,44.3,40,34.1,36.9,37.8,77.8,0.004,100,4.17,rain,0,0,39.3,24.6,258.7,1023.7,58.4,12.7,24.4,2,1,,2014-12-20T08:14:16,2014-12-20T15:50:37,0.95,"Rain, Partially cloudy",Partly cloudy throughout the day with afternoon rain.,rain,"03462099999,03379099999,03330099999,03354099999,03535099999,EGNX,03544099999"
Loughborough,2014-12-21,53.5,42.5,47.4,53.5,34.6,42.1,42.8,83.9,0,0,0,,0,0,38,23.9,223.4,1022.3,66.5,11.4,14.6,1.1,1,,2014-12-21T08:14:50,2014-12-21T15:51:04,0.98,Partially cloudy,Partly cloudy throughout the day.,partly-cloudy-day,"03462099999,03379099999,03354099999,03535099999,EGNX,03544099999"
Loughborough,2014-12-22,55.3,52,53.9,55.3,52,53.9,48.1,80.8,0,0,0,,0,0,39.3,26.5,233.4,1012.7,85.4,8.9,12.8,1.1,1,,2014-12-22T08:15:20,2014-12-22T15:51:35,0,Partially cloudy,Partly cloudy throughout the day.,partly-cloudy-day,"03462099999,03379099999,03330099999,03354099999,03535099999,EGNX,03544099999"
Loughborough,2014-12-23,53.3,49.8,51.6,53.3,42.8,50.5,45.8,80.5,0.001,100,4.17,rain,0,0,36.6,26.9,226,1011.7,74.2,10.3,15.1,1.3,1,,2014-12-23T08:15:47,2014-12-23T15:52:09,0.05,"Rain, Partially cloudy",Partly cloudy throughout the day with afternoon rain.,rain,"03462099999,03379099999,03354099999,03535099999,EGNX,03544099999"
Loughborough,2014-12-24,49.9,40.4,43.7,43.7,31.5,36.2,37.2,78.2,0.07,100,12.5,rain,0,0,34.4,23.4,248.9,1015.1,47.2,9.9,34.3,2.9,2,,2014-12-24T08:16:10,2014-12-24T15:52:46,0.09,"Rain, Partially cloudy",Partly cloudy throughout the day with a chance of rain throughout the day.,rain,"03462099999,03379099999,03330099999,03354099999,03535099999,EGNX,03544099999"
Loughborough,2014-12-25,43.1,35.8,39.3,36.8,29.3,32,35.7,86.9,0.001,100,4.17,rain,0,0,31.1,19.4,260.7,1027.3,34.3,8.4,33.7,2.9,2,,2014-12-25T08:16:30,2014-12-25T15:53:27,0.12,"Rain, Partially cloudy",Partly cloudy throughout the day with afternoon rain.,rain,"03462099999,03379099999,03330099999,03354099999,03535099999,EGNX,03544099999"
Loughborough,2014-12-26,38.8,32.1,35,33.6,22,28.4,33.7,95,0.126,100,16.67,"rain,snow",0,0.5,27.5,14.7,162.5,1022.4,69.1,4.9,16.7,1.4,1,,2014-12-26T08:16:46,2014-12-26T15:54:11,0.16,"Snow, Rain, Partially cloudy",Partly cloudy throughout the day with a chance of rain or snow throughout the day.,rain,"03462099999,03379099999,03330099999,03354099999,03535099999,EGNX,03544099999"
Loughborough,2014-12-27,35.9,32.1,33.9,31,21.1,26.5,31.7,91.5,0.345,100,16.67,"rain,snow",0.2,2.6,33,19.9,330,1009.8,71.1,6.7,35.2,3.3,2,,2014-12-27T08:16:58,2014-12-27T15:54:59,0.19,"Snow, Rain, Partially cloudy",Partly cloudy throughout the day with a chance of rain or snow throughout the day.,snow,"03462099999,03379099999,03354099999,03535099999,EGNX,03544099999"
Loughborough,2014-12-28,35.9,28.6,31.6,31.1,19.9,25.2,29.5,92.4,0.072,100,12.5,"rain,snow",0,2,17.4,10.2,302.1,1030.9,32.4,6.1,38.7,3.3,2,,2014-12-28T08:17:07,2014-12-28T15:55:50,0.25,"Snow, Rain, Partially cloudy",Clearing in the afternoon with rain or snow.,rain,"03462099999,03379099999,03330099999,03354099999,03535099999,EGNX,03544099999"
Loughborough,2014-12-29,36.4,28.2,31.8,29.5,18.9,24.1,30.1,93,0.081,100,8.33,"rain,snow",0,1.8,15.4,13.2,260,1040.3,7.4,5.6,35.4,3,2,,2014-12-29T08:17:13,2014-12-29T15:56:44,0.26,"Snow, Rain",Clear conditions throughout the day with rain or snow.,rain,"03462099999,03379099999,03330099999,03354099999,03535099999,EGNX,03544099999"
Loughborough,2014-12-30,39.1,28.6,33.3,36,22.1,26.8,31.1,91.8,0.042,100,8.33,rain,0,1.8,16.6,10.6,229.2,1037.7,23.3,6.1,35.3,3,2,,2014-12-30T08:17:14,2014-12-30T15:57:41,0.3,"Rain, Partially cloudy",Partly cloudy throughout the day with rain.,rain,"03462099999,03379099999,03330099999,03354099999,03535099999,EGNX,03544099999"
Loughborough,2014-12-31,42.7,31.7,37.6,37,23.1,30,35.6,92.7,0.06,100,8.33,rain,0,1.5,28.2,18.7,201.6,1030.9,37.3,5.9,30,2.5,2,,2014-12-31T08:17:13,2014-12-31T15:58:41,0.33,"Rain, Partially cloudy",Clearing in the afternoon with rain.,rain,"03462099999,03418599999,03379099999,03330099999,03354099999,03535099999,EGNX,03544099999"
Loughborough,2015-01-01,53.7,42.6,49.9,53.7,35.6,47.1,47,89.9,0.086,100,12.5,rain,0,0.1,43.4,31,204.7,1021.8,79.5,8.1,6,0.5,0,,2015-01-01T08:17:07,2015-01-01T15:59:44,0.37,"Rain, Partially cloudy",Partly cloudy throughout the day with rain.,rain,"03462099999,03379099999,03354099999,03535099999,EGNX,03544099999"
Loughborough,2015-01-02,55.2,38.9,44.1,55.2,30.9,37.5,34.3,68.8,0.02,100,4.17,rain,0,0,40.7,27.5,255.5,1025.9,43,9.5,39.6,3.5,2,,2015-01-02T08:16:58,2015-01-02T16:00:51,0.4,"Rain, Partially cloudy",Clearing in the afternoon with early morning rain.,rain,"03462099999,03379099999,03354099999,03535099999,EGNX,03544099999"
Loughborough,2015-01-03,40.5,32.1,37.2,34.5,26.1,31,35,92.2,0.174,100,8.33,rain,0,0,28.9,16.7,234.1,1023.9,61.6,6.8,5.7,0.4,0,,2015-01-03T08:16:46,2015-01-03T16:02:00,0.44,"Rain, Partially cloudy",Partly cloudy throughout the day with rain.,rain,"03462099999,03379099999,03330099999,03354099999,03535099999,EGNX,03544099999"
Loughborough,2015-01-04,36.9,27.1,32.2,36.7,20.8,26.4,31.5,97.4,0.008,100,8.33,"rain,snow",0,0,17.9,12.3,218.3,1034.2,61.5,3,34.3,2.9,2,,2015-01-04T08:16:30,2015-01-04T16:03:12,0.48,"Snow, Rain, Partially cloudy",Partly cloudy throughout the day with rain or snow.,rain,"03462099999,03379099999,03330099999,03354099999,03535099999,EGNX,03544099999"
Loughborough,2015-01-05,46.4,38.5,43.1,42.5,31.7,37.8,40.5,90.8,0.001,100,4.17,rain,0,0,20.1,12,207.6,1027.1,84.4,6.2,17.9,1.5,1,,2015-01-05T08:16:11,2015-01-05T16:04:26,0.5,"Rain, Partially cloudy",Partly cloudy throughout the day with early morning rain.,rain,"03462099999,03379099999,03354099999,03535099999,EGNX,03544099999"
Loughborough,2015-01-06,47.9,36.5,43.1,42.1,30.2,36.9,39.7,87.8,0.018,100,12.5,rain,0,0,32.2,17.1,213.8,1019.2,64.4,9,17.7,1.5,2,,2015-01-06T08:15:48,2015-01-06T16:05:43,0.54,"Rain, Partially cloudy",Partly cloudy throughout the day with rain.,rain,"03462099999,03379099999,03330099999,03354099999,03535099999,EGNX,03544099999"
Loughborough,2015-01-07,49.8,37,42.9,42.5,29.5,34.9,39.3,87.1,0.018,100,12.5,rain,0,0,36.3,27.2,205.5,1019.1,62.7,9.7,16.9,1.4,1,,2015-01-07T08:15:21,2015-01-07T16:07:03,0.57,"Rain, Partially cloudy",Partly cloudy throughout the day with rain.,rain,"03462099999,03379099999,03354099999,03535099999,EGNX,03544099999"
Loughborough,2015-01-08,50.1,40.9,45.2,50.1,34,39.7,40.4,83.1,0.064,100,12.5,rain,0,0,32.6,23.5,233.7,1017.9,50.6,9.5,27.3,2.3,2,,2015-01-08T08:14:52,2015-01-08T16:08:25,0.61,"Rain, Partially cloudy",Partly cloudy throughout the day with a chance of rain throughout the day.,rain,"03462099999,03379099999,03354099999,03535099999,EGNX,03544099999"
Loughborough,2015-01-09,58.8,44.3,51.7,58.8,35.5,48.1,45,78.2,0.009,100,8.33,rain,0,0,56.5,41.2,238.1,1012.5,65.2,10.9,34,2.9,2,,2015-01-09T08:14:18,2015-01-09T16:09:49,0.64,"Rain, Partially cloudy",Partly cloudy throughout the day with rain.,rain,"03462099999,03379099999,03330099999,03354099999,03535099999,EGNX,03544099999"
Loughborough,2015-01-10,55.5,37.3,46.9,55.5,27.2,41.1,37.5,70.1,0.034,100,4.17,rain,0,0,47.6,32,251.2,1010.1,51.6,10.9,38.9,3.3,2,,2015-01-10T08:13:42,2015-01-10T16:11:16,0.67,"Rain, Partially cloudy",Clearing in the afternoon with afternoon rain.,rain,"03462099999,03379099999,03354099999,03535099999,EGNX,03544099999"
Loughborough,2015-01-11,44.6,37.2,41.6,37.7,26.5,32.7,34.1,74.6,0.012,100,8.33,rain,0,0,38.6,23.7,243.8,1018,55.8,8.9,40.1,3.5,2,,2015-01-11T08:13:02,2015-01-11T16:12:45,0.71,"Rain, Partially cloudy",Partly cloudy throughout the day with rain in the morning and afternoon.,rain,"03462099999,03379099999,03354099999,03535099999,EGNX,03544099999"
Loughborough,2015-01-12,51.5,41.3,46.4,51.5,36.7,40.5,41.7,83.7,0.189,100,16.67,rain,0,0,42.8,28.5,220.7,1005.6,77.3,8.2,11.3,1,1,,2015-01-12T08:12:19,2015-01-12T16:14:16,0.74,"Rain, Partially cloudy",Partly cloudy throughout the day with a chance of rain throughout the day.,rain,"03462099999,03379099999,03354099999,03535099999,EGNX,03544099999"
Loughborough,2015-01-13,44.4,33.9,39.8,40.7,23.5,32.7,36.1,86.7,0.188,100,12.5,rain,0,0,31.1,17.8,223.7,999.8,51.4,9,24.1,2.1,2,,2015-01-13T08:11:33,2015-01-13T16:15:48,0.75,"Rain, Partially cloudy",Partly cloudy throughout the day with rain.,rain,"03462099999,03418599999,03379099999,03354099999,03535099999,03377099999,EGNX,03544099999"
Loughborough,2015-01-14,46.3,33.5,37.6,36.7,23,28.3,33.5,85.5,0.037,100,12.5,"rain,snow",0,0.1,49.4,32.8,199.1,999.7,52.8,11.1,48.8,4.3,2,,2015-01-14T08:10:44,2015-01-14T16:17:23,0.8,"Snow, Rain, Partially cloudy",Partly cloudy throughout the day with a chance of rain or snow throughout the day.,rain,"03462099999,03379099999,03330099999,03354099999,03535099999,EGNX,03544099999"
Loughborough,2015-01-15,49.9,39.1,43.1,42.4,28.3,33.8,36.6,77.9,0.041,100,8.33,rain,0,0.1,48.2,33.9,212.7,984.8,60.4,9.5,45.4,4.2,2,,2015-01-15T08:09:52,2015-01-15T16:19:00,0.84,"Rain, Partially cloudy",Partly cloudy throughout the day with rain.,rain,"03462099999,03379099999,03354099999,03535099999,EGNX,03544099999"
Loughborough,2015-01-16,42,31.8,37.2,34.5,24.1,29.1,32.7,83.9,0.014,100,8.33,"rain,snow",0,0,35.9,22.4,241.3,1002.1,38.9,9.7,44.9,3.9,2,,2015-01-16T08:08:56,2015-01-16T16:20:38,0.87,"Snow, Rain, Partially cloudy",Partly cloudy throughout the day with rain or snow.,rain,"03462099999,03379099999,03354099999,03535099999,EGNX,03544099999"
Loughborough,2015-01-17,40.8,33.3,35.7,33.2,23,27.1,31,82.7,0.001,100,4.17,rain,0,0.2,26.4,17.7,219.5,1010,51.9,9.1,45,4,2,,2015-01-17T08:07:58,2015-01-17T16:22:18,0.9,"Rain, Partially cloudy",Partly cloudy throughout the day with afternoon rain.,rain,"03462099999,03379099999,03330099999,03354099999,03535099999,EGNX,03544099999"
Loughborough,2015-01-18,39.2,27.7,33.9,34.3,20.7,27.7,31.3,90.5,0.01,100,12.5,"rain,snow",0,0.2,18.8,12,290.1,1012.3,51.5,7,45.5,4,2,,2015-01-18T08:06:57,2015-01-18T16:23:59,0.93,"Snow, Rain, Partially cloudy",Partly cloudy throughout the day with rain or snow.,rain,"03462099999,03379099999,03354099999,03535099999,EGNX,03544099999"
Loughborough,2015-01-19,35.6,25.6,31.9,29.4,16.2,25.6,28.2,86.1,0.009,100,8.33,"rain,snow",0,0.1,15.9,9.4,260.4,1014,76.4,9,42.8,3.7,2,,2015-01-19T08:05:52,2015-01-19T16:25:42,0.97,"Snow, Rain, Partially cloudy",Partly cloudy throughout the day with rain or snow.,rain,"03462099999,03379099999,03330099999,03354099999,03535099999,EGNX,03544099999"
Loughborough,2015-01-20,36.9,25.3,32.6,31,19.2,26.5,28.4,84.8,0.003,100,4.17,"rain,snow",0,0.1,23.3,11,143.5,1009.5,73.6,6.4,47.2,4.1,2,,2015-01-20T08:04:45,2015-01-20T16:27:26,0,"Snow, Rain, Partially cloudy",Partly cloudy throughout the day with afternoon rain or snow.,rain,"03462099999,03379099999,03354099999,03535099999,EGNX,03544099999"
Loughborough,2015-01-21,36.8,33.6,35.1,31.3,23.7,27.5,33.8,95.2,0.089,100,12.5,"rain,snow",0.3,0.5,25.7,14.9,118.9,1007.6,91.9,4,18.4,1.4,1,,2015-01-21T08:03:36,2015-01-21T16:29:11,0.03,"Snow, Rain, Overcast",Cloudy skies throughout the day with a chance of rain or snow throughout the day.,snow,"03462099999,03379099999,03354099999,03535099999,EGNX,03544099999"
Loughborough,2015-01-22,38.7,32.2,35.1,38.7,26.7,32.6,32.7,91.2,0.041,100,8.33,"rain,snow",0,0.7,9.4,5.7,56,1021.1,82.9,3.6,35.8,3.3,2,,2015-01-22T08:02:23,2015-01-22T16:30:58,0.07,"Snow, Rain, Partially cloudy",Partly cloudy throughout the day with rain or snow.,rain,"03462099999,03379099999,03330099999,03354099999,03535099999,EGNX,03544099999"
Loughborough,2015-01-23,44.2,29.4,35.1,35.4,20.6,26.8,31.6,87,0.007,100,12.5,"rain,snow",0,0.2,31.4,23.1,203.6,1021.8,68.1,5,47.8,4.1,2,,2015-01-23T08:01:08,2015-01-23T16:32:45,0.1,"Snow, Rain, Partially cloudy",Partly cloudy throughout the day with rain or snow.,rain,"03462099999,03379099999,03330099999,03354099999,03535099999,EGNX,03544099999"
Loughborough,2015-01-24,41.4,35.6,38.3,35.9,27.4,31,33.8,83.8,0.015,100,4.17,rain,0,0,31.9,19.8,266.8,1025,40,8.5,55.9,4.7,3,,2015-01-24T07:59:50,2015-01-24T16:34:34,0.14,"Rain, Partially cloudy",Becoming cloudy in the afternoon with early morning rain.,rain,"03462099999,03379099999,03354099999,03535099999,EGNX,03544099999"
Loughborough,2015-01-25,47.9,35.2,41.6,41.8,27.3,34.8,37.5,85.3,0,0,0,,0,0,32.2,16.8,221.6,1027.7,72.5,8.1,47.8,4.1,2,,2015-01-25T07:58:30,2015-01-25T16:36:24,0.17,Partially cloudy,Partly cloudy throughout the day.,partly-cloudy-day,"03462099999,03379099999,03354099999,03535099999,EGNX,03544099999"
Loughborough,2015-01-26,48,39.1,44.3,43.1,31.7,38.4,39.7,83.8,0.022,100,8.33,rain,0,0,30.6,16.7,269.4,1023.1,72.4,9.6,41.7,3.6,2,,2015-01-26T07:57:08,2015-01-26T16:38:14,0.21,"Rain, Partially cloudy",Partly cloudy throughout the day with rain in the morning and afternoon.,rain,"03462099999,03379099999,03330099999,03354099999,03535099999,EGNX,03544099999"
Loughborough,2015-01-27,46.1,37.5,42,40.4,29.9,35.9,38.1,85.9,0.001,100,4.17,rain,0,0,23.5,14,252.4,1024.9,74.1,10,34.4,3,2,,2015-01-27T07:55:43,2015-01-27T16:40:05,0.25,"Rain, Partially cloudy",Partly cloudy throughout the day with early morning rain.,rain,"03462099999,03418599999,03379099999,03330099999,03354099999,03535099999,EGNX,03544099999"
Loughborough,2015-01-28,47.8,35.3,41,39.8,23.9,31.8,35.3,80.4,0.081,100,4.17,rain,0,0.1,50.1,30.5,242.8,1001.7,71.2,10.2,36.8,3.1,2,,2015-01-28T07:54:15,2015-01-28T16:41:57,0.28,"Rain, Partially cloudy",Partly cloudy throughout the day with afternoon rain.,rain,"03462099999,03418599999,03379099999,03330099999,03354099999,03535099999,EGNX,03544099999"
Loughborough,2015-01-29,37.3,32.3,34.3,27.2,21.9,24,31.6,89.9,0.048,100,16.67,"rain,snow",0.1,0.4,33.3,21.4,247.3,982.6,63.2,8.8,43.7,3.8,2,,2015-01-29T07:52:46,2015-01-29T16:43:50,0.31,"Snow, Rain, Partially cloudy",Partly cloudy throughout the day with a chance of rain or snow throughout the day.,snow,"03462099999,03379099999,03354099999,03535099999,EGNX,03544099999"
Loughborough,2015-01-30,40.9,30.2,34.4,34,22.2,26.5,32.4,92.6,0.175,100,12.5,"rain,snow",0,1.2,32.2,17.2,264.4,978,51.8,6.2,59.2,5.2,3,,2015-01-30T07:51:14,2015-01-30T16:45:43,0.35,"Snow, Rain, Partially cloudy",Clearing in the afternoon with rain or snow.,rain,"03462099999,03379099999,03354099999,03535099999,EGNX,03544099999"
Loughborough,2015-01-31,40.7,33.4,36.4,32.2,23.7,27.7,30.9,81.2,0.084,100,8.33,"rain,snow",0,0.9,34.4,20.3,298.8,985.1,71.5,9.5,47.2,4.2,2,,2015-01-31T07:49:40,2015-01-31T16:47:36,0.38,"Snow, Rain, Partially cloudy",Partly cloudy throughout the day with rain or snow in the morning and afternoon.,rain,"03462099999,03379099999,03354099999,03535099999,EGNX,03544099999"
Loughborough,2015-02-01,38.9,28.5,35.4,30.6,20.1,26.6,26.1,68.8,0,0,0,,0,0.1,37.2,22.5,304.8,1000.1,65.6,10.3,53.9,4.8,3,,2015-02-01T07:48:04,2015-02-01T16:49:30,0.41,Partially cloudy,Partly cloudy throughout the day.,partly-cloudy-day,"03462099999,03379099999,03354099999,03535099999,EGNX,03544099999"
Loughborough,2015-02-02,35.5,25.5,30.6,30.9,17.7,23.3,24,76.2,0,0,0,,0,0.1,17,10.2,288.5,1005.8,51.3,9.9,57.2,5,3,,2015-02-02T07:46:26,2015-02-02T16:51:25,0.45,Partially cloudy,Partly cloudy throughout the day.,partly-cloudy-day,"03462099999,03379099999,03354099999,03535099999,EGNX,03544099999"
Loughborough,2015-02-03,40.6,30.4,33.7,34.1,22.8,26.5,28.2,80.1,0.006,100,4.17,rain,0,0.4,24.6,12.8,347.8,1009.9,37.3,8.1,62.2,5.4,3,,2015-02-03T07:44:45,2015-02-03T16:53:20,0.5,"Rain, Partially cloudy",Partly cloudy throughout the day with afternoon rain.,rain,"03462099999,03379099999,03354099999,03535099999,EGNX,03544099999"
Loughborough,2015-02-04,40.5,30.4,34.9,33.6,22.6,27.5,29.7,81.7,0.003,100,4.17,rain,0,0.2,30,16.5,336.8,1021.4,54.7,8.6,64.9,5.7,3,,2015-02-04T07:43:03,2015-02-04T16:55:15,0.52,"Rain, Partially cloudy",Partly cloudy throughout the day with afternoon rain.,rain,"03462099999,03379099999,03354099999,03535099999,EGNX,03544099999"
Loughborough,2015-02-05,37.2,31.6,34.8,31.2,24.7,28.6,31.4,87.6,0.021,100,12.5,"rain,snow",0,0.2,21,9.3,347.6,1027.9,81.6,8.3,25.6,2.1,1,,2015-02-05T07:41:19,2015-02-05T16:57:10,0.55,"Snow, Rain, Partially cloudy",Partly cloudy throughout the day with rain or snow.,rain,"03462099999,03379099999,03354099999,03535099999,EGNX,03544099999"
Loughborough,2015-02-06,40.4,28.7,33.4,33,21.8,26.8,29.3,85.1,0.001,100,4.17,rain,0,0.1,27.7,15.5,27.6,1034.1,56,8.9,61.2,5.4,3,,2015-02-06T07:39:34,2015-02-06T16:59:05,0.58,"Rain, Partially cloudy",Partly cloudy throughout the day with afternoon rain.,rain,"03462099999,03379099999,03354099999,03535099999,EGNX,03544099999"
Loughborough,2015-02-07,40.4,29.3,35.7,40.4,23.7,30.8,32.7,88.7,0.003,100,8.33,"rain,snow",0,0.2,17.2,9.9,329.4,1037.9,70,6.5,63,5.5,3,,2015-02-07T07:37:46,2015-02-07T17:01:01,0.62,"Snow, Rain, Partially cloudy",Partly cloudy throughout the day with rain or snow in the morning and afternoon.,rain,"03462099999,03379099999,03354099999,03535099999,EGNX,03544099999"
Loughborough,2015-02-08,44.8,29.4,35.4,40.1,20.6,27.8,32.6,90,0.001,100,4.17,rain,0,0.3,18.3,16.1,277.5,1038.9,50.7,7.2,73.6,6.3,3,,2015-02-08T07:35:57,2015-02-08T17:02:57,0.65,"Rain, Partially cloudy",Partly cloudy throughout the day with afternoon rain.,rain,"03462099999,03379099999,03354099999,03535099999,EGNX,03544099999"
Loughborough,2015-02-09,48,34.2,40.2,43.4,27.9,33.9,36.7,87.4,0.002,100,8.33,rain,0,0.2,20.6,13.7,284.7,1034.4,54.4,7.5,49,4.2,2,,2015-02-09T07:34:06,2015-02-09T17:04:53,0.68,"Rain, Partially cloudy",Partly cloudy throughout the day with rain clearing later.,rain,"03462099999,03379099999,03354099999,03535099999,EGNX,03544099999"
Loughborough,2015-02-10,39,32.4,36.8,34,25.7,31.3,35.3,94.3,0.005,100,8.33,rain,0,0.1,12.3,9.7,227,1032.3,89.9,3.4,35.9,3,1,,2015-02-10T07:32:13,2015-02-10T17:06:48,0.72,"Rain, Partially cloudy",Partly cloudy throughout the day with rain in the morning and afternoon.,rain,"03462099999,03379099999,03354099999,03535099999,EGNX,03544099999"
Loughborough,2015-02-11,39,37.2,38.3,37,31.3,34.7,33.6,83,0,0,0,,0,0,13.2,8.1,195,1024.8,90.8,5.9,35.2,2.9,2,,2015-02-11T07:30:19,2015-02-11T17:08:44,0.75,Overcast,Cloudy skies throughout the day.,cloudy,"03462099999,03379099999,03354099999,03535099999,EGNX,03544099999"
Loughborough,2015-02-12,39.1,35.5,38,38.7,28.6,34.1,31.4,76.7,0,0,0,,0,0,15.7,9.4,191.5,1019.3,90.8,6,36.5,3.2,1,,2015-02-12T07:28:24,2015-02-12T17:10:40,0.75,Overcast,Cloudy skies throughout the day.,cloudy,"03462099999,03379099999,03330099999,03354099999,03535099999,EGNX,03544099999"
Loughborough,2015-02-13,46.2,35.4,41.5,39.4,28.1,34.5,38.2,88.1,0.022,100,4.17,rain,0,0,34.4,17.3,141.7,1001.7,80.2,5.3,30.6,2.5,2,,2015-02-13T07:26:27,2015-02-13T17:12:35,0.82,"Rain, Partially cloudy",Partly cloudy throughout the day with late afternoon rain.,rain,"03462099999,03379099999,03354099999,03535099999,EGNX,03544099999"
Loughborough,2015-02-14,46.2,39.3,42.9,41.8,33.7,37.8,41.3,94.2,0.028,100,12.5,rain,0,0,20.6,12.3,63.2,1003.9,84.8,5,35.1,3,2,,2015-02-14T07:24:28,2015-02-14T17:14:31,0.85,"Rain, Partially cloudy",Partly cloudy throughout the day with a chance of rain throughout the day.,rain,"03462099999,03379099999,03330099999,03354099999,03535099999,EGNX,03544099999"
Loughborough,2015-02-15,44.5,39.3,41.7,44.4,32.7,37.6,40.4,95.2,0.006,100,8.33,rain,0,0,28.9,10,73.3,1014.3,88.9,2.3,60.6,5.2,3,,2015-02-15T07:22:28,2015-02-15T17:16:26,0.88,"Rain, Partially cloudy",Partly cloudy throughout the day with rain.,rain,"03462099999,03379099999,03330099999,03354099999,03535099999,EGNX,03544099999"
Loughborough,2015-02-16,44.3,37.5,41,41.6,30.6,35.4,38.3,90,0.195,100,12.5,rain,0,0,21.9,12.5,211.8,1015.4,72,6.2,10.6,0.9,0,,2015-02-16T07:20:27,2015-02-16T17:18:21,0.92,"Rain, Partially cloudy",Partly cloudy throughout the day with rain.,rain,"03462099999,03379099999,03354099999,03535099999,EGNX,03544099999"
Loughborough,2015-02-17,47.8,32.4,39.1,42.1,25,32.6,32,76.6,0.001,100,4.17,rain,0,0,24.4,16,256.6,1034.7,20.2,9.5,95.3,8.2,4,,2015-02-17T07:18:25,2015-02-17T17:20:16,0.95,"Rain, Partially cloudy",Partly cloudy throughout the day with afternoon rain.,rain,"03462099999,03379099999,03354099999,03535099999,EGNX,03544099999"
Loughborough,2015-02-18,51.3,38.6,43.8,51.3,30.8,37.1,37.2,77.7,0,0,0,,0,0,33.3,19.2,215.6,1033.9,49,9,75.4,6.5,3,,2015-02-18T07:16:21,2015-02-18T17:22:11,0,Partially cloudy,Partly cloudy throughout the day.,partly-cloudy-day,"03462099999,03379099999,03354099999,03535099999,EGNX,03544099999"
Loughborough,2015-02-19,46.1,42.3,43.7,40.5,33.3,36.6,40.3,87.8,0.143,100,8.33,rain,0,0,33.3,22,207,1017.5,61.2,7.4,19.7,1.6,1,,2015-02-19T07:14:16,2015-02-19T17:24:06,0.02,"Rain, Partially cloudy",Partly cloudy throughout the day with rain.,rain,"03462099999,03379099999,03354099999,03535099999,EGNX,03544099999"
Loughborough,2015-02-20,42.7,33.7,38.9,38.4,27.4,33.3,35.3,87.3,0.109,100,12.5,"rain,snow",0,0,19.9,11.7,238.5,1005.3,45.5,8.3,71.3,6.2,3,,2015-02-20T07:12:10,2015-02-20T17:26:00,0.05,"Snow, Rain, Partially cloudy",Partly cloudy throughout the day with a chance of rain or snow throughout the day.,rain,"03462099999,03379099999,03354099999,03535099999,EGNX,03544099999"
Loughborough,2015-02-21,42.8,33.7,36.7,36,25.1,29.4,32.6,85.6,0.005,100,12.5,"rain,snow",0,0.1,31.1,15.1,266.3,1001,46.3,9.7,89.8,7.9,4,,2015-02-21T07:10:03,2015-02-21T17:27:54,0.08,"Snow, Rain, Partially cloudy",Partly cloudy throughout the day with rain or snow.,rain,"03462099999,03379099999,03354099999,03535099999,EGNX,03544099999"
Loughborough,2015-02-22,46.3,31.6,37.6,38.9,23.1,28.6,34.5,88.6,0.275,100,8.33,rain,0,0,41.5,29.2,203.1,999.3,70,8,38.6,3.3,2,,2015-02-22T07:07:55,2015-02-22T17:29:48,0.12,"Rain, Partially cloudy",Partly cloudy throughout the day with rain.,rain,"03462099999,03379099999,03354099999,03535099999,EGNX,03544099999"
Loughborough,2015-02-23,42.7,36.9,39.6,34.5,26.1,30.5,32.5,75.8,0.115,100,8.33,rain,0,0,36.8,25.7,222.7,987.5,39.7,9.3,99.5,8.5,4,,2015-02-23T07:05:46,2015-02-23T17:31:42,0.15,"Rain, Partially cloudy",Becoming cloudy in the afternoon with rain.,rain,"03462099999,03379099999,03354099999,03535099999,EGNX,03544099999"
Loughborough,2015-02-24,46.1,37,40.6,37.4,28.1,31.3,34.5,79.1,0.016,100,12.5,rain,0,0,40.9,26.7,251.9,1001.1,49.1,9.5,94.8,8.1,4,,2015-02-24T07:03:36,2015-02-24T17:33:35,0.19,"Rain, Partially cloudy",Partly cloudy throughout the day with rain.,rain,"03462099999,03379099999,03354099999,03535099999,EGNX,03544099999"
Loughborough,2015-02-25,49.7,37.4,44.6,49.7,29.3,40,40.6,86.1,0.004,100,12.5,rain,0,0,21,14.1,214.6,1013.4,75.8,8.6,63,5.5,3,,2015-02-25T07:01:25,2015-02-25T17:35:28,0.25,"Rain, Partially cloudy",Partly cloudy throughout the day with a chance of rain throughout the day.,rain,"03462099999,03379099999,03330099999,03354099999,03535099999,EGNX,03544099999"
Loughborough,2015-02-26,50,35.4,44.9,44.9,26.6,38.5,39.8,82.7,0.12,100,8.33,rain,0,0,41.3,21.2,246.1,1010.7,64.8,7.7,36.3,3.1,2,,2015-02-26T06:59:13,2015-02-26T17:37:21,0.25,"Rain, Partially cloudy",Partly cloudy throughout the day with rain.,rain,"03462099999,03379099999,03330099999,03354099999,03535099999,EGNX,03544099999"
Loughborough,2015-02-27,47.7,32.2,39.6,42.9,22.4,32.4,31,72.2,0.001,100,4.17,rain,0,0,23.7,15.4,239.7,1017.4,33.1,9,94.4,8.3,4,,2015-02-27T06:57:00,2015-02-27T17:39:14,0.29,"Rain, Partially cloudy",Partly cloudy throughout the day with afternoon rain.,rain,"03462099999,03418599999,03379099999,03354099999,03535099999,03377099999,EGNX,03544099999"
Loughborough,2015-02-28,51.4,40.6,46.1,51.4,32.3,39.4,41.8,85,0.01,100,8.33,rain,0,0,35.7,23.7,196.4,1003.8,74.5,8.5,38.2,3.5,2,,2015-02-28T06:54:47,2015-02-28T17:41:06,0.32,"Rain, Partially cloudy",Partly cloudy throughout the day with rain.,rain,"03462099999,03418599999,03379099999,03330099999,03354099999,03535099999,03377099999,EGNX,03544099999"
Loughborough,2015-03-01,49.9,37,43,42.2,26.7,34.1,34.6,72.6,0.112,100,8.33,rain,0,0,53.5,32.3,239.3,995.8,43.3,9.8,97.9,8.3,4,,2015-03-01T06:52:32,2015-03-01T17:42:58,0.36,"Rain, Partially cloudy",Partly cloudy throughout the day with rain.,rain,"03462099999,03379099999,03354099999,03535099999,EGNX,03544099999"
Loughborough,2015-03-02,44,35.3,38.5,34.4,24.8,29,29.5,71.1,0.024,100,12.5,"rain,snow",0,0,43.1,29.5,244.6,1004.7,38.7,10.4,124.9,10.9,5,,2015-03-02T06:50:17,2015-03-02T17:44:49,0.39,"Snow, Rain, Partially cloudy",Partly cloudy throughout the day with rain or snow.,rain,"03462099999,03379099999,03354099999,03535099999,EGNX,03544099999"
Loughborough,2015-03-03,45.9,35.4,39.3,37.6,26,30.5,30.5,72.4,0.028,100,8.33,rain,0,0.1,33.3,26.6,239.4,1013.3,47.5,11,124,10.7,5,,2015-03-03T06:48:02,2015-03-03T17:46:41,0.42,"Rain, Partially cloudy",Clearing in the afternoon with rain in the morning and afternoon.,rain,"03462099999,03379099999,03354099999,03535099999,EGNX,03544099999"
Loughborough,2015-03-04,48,35.7,40.8,41.9,25.4,33,32.9,73.9,0,0,0,,0,0,33.3,21.3,275.1,1027.9,43.8,9.6,120.8,10.5,4,,2015-03-04T06:45:45,2015-03-04T17:48:32,0.46,Partially cloudy,Partly cloudy throughout the day.,partly-cloudy-day,"03462099999,03418599999,03379099999,03330099999,03354099999,03535099999,03377099999,EGNX,03544099999"
Loughborough,2015-03-05,48,34.4,42,41.7,28.3,35.5,34.8,76.1,0.001,100,4.17,rain,0,0,28.9,19.2,232.3,1037.1,72.4,10.4,98.8,8.6,4,,2015-03-05T06:43:28,2015-03-05T17:50:22,0.5,"Rain, Partially cloudy",Partly cloudy throughout the day with afternoon rain.,rain,"03462099999,03379099999,03330099999,03354099999,03535099999,EGNX,03544099999"
Loughborough,2015-03-06,53.6,42.9,47.1,53.6,36.2,42.1,36.5,67,0,0,0,,0,0,32.5,20.5,209.7,1030.5,73.6,11,123.2,10.6,5,,2015-03-06T06:41:11,2015-03-06T17:52:13,0.53,Partially cloudy,Partly cloudy throughout the day.,partly-cloudy-day,"03462099999,03379099999,03330099999,03354099999,03535099999,EGNX,03544099999"
Loughborough,2015-03-07,59.1,44.5,49.9,59.1,36.1,45.6,40.9,72,0,0,0,,0,0,34.9,22.9,211.5,1020.8,54.5,8.4,124.2,10.7,5,,2015-03-07T06:38:52,2015-03-07T17:54:03,0.56,Partially cloudy,Partly cloudy throughout the day.,partly-cloudy-day,"03462099999,03379099999,03354099999,03535099999,EGNX,03544099999"
Loughborough,2015-03-08,50.1,35.6,44.7,50.1,29.6,39,40.6,85.6,0.046,100,4.17,rain,0,0,34.4,20.2,233.2,1021,65.7,8.4,38.6,3.3,2,,2015-03-08T06:36:34,2015-03-08T17:55:53,0.59,"Rain, Partially cloudy",Partly cloudy throughout the day with late afternoon rain.,rain,"03462099999,03379099999,03330099999,03354099999,03535099999,EGNX,03544099999"
Loughborough,2015-03-09,51.3,30,41.6,51.3,24.6,35.9,38.6,88.9,0.02,100,4.17,rain,0,0,33.3,20.2,194.9,1022.8,63.9,7.2,66.3,5.6,2,,2015-03-09T06:34:15,2015-03-09T17:57:43,0.63,"Rain, Partially cloudy",Partly cloudy throughout the day with late afternoon rain.,rain,"03462099999,03379099999,03354099999,03535099999,EGNX,03544099999"
Loughborough,2015-03-10,51.4,35.6,43.1,51.4,29.4,39.6,33.3,69.7,0,0,0,,0,0,21,12.4,266,1029.5,36.8,8.6,150.8,13,5,,2015-03-10T06:31:55,2015-03-10T17:59:32,0.66,Partially cloudy,Partly cloudy throughout the day.,partly-cloudy-day,"03462099999,03379099999,03354099999,03535099999,EGNX,03544099999"
Loughborough,2015-03-11,53.2,35.1,44.6,53.2,28.8,40.9,37.3,76.3,0,0,0,,0,0,31.2,19,167,1027.6,65.9,7,111.5,9.7,5,,2015-03-11T06:29:35,2015-03-11T18:01:21,0.7,Partially cloudy,Partly cloudy throughout the day.,partly-cloudy-day,"03462099999,03379099999,03330099999,03354099999,03535099999,03377099999,03560099999,EGNX,03544099999,03373099999"
Loughborough,2015-03-12,55.3,46.2,50.3,55.3,41.4,48.4,37.7,65.7,0.001,100,4.17,rain,0,0,34.4,19.2,151,1024.2,68.3,5.6,119.7,10.4,5,,2015-03-12T06:27:15,2015-03-12T18:03:10,0.73,"Rain, Partially cloudy",Partly cloudy throughout the day with early morning rain.,rain,"03462099999,03418599999,03379099999,03330099999,03354099999,03535099999,03377099999,EGNX,03544099999"
Loughborough,2015-03-13,49.8,39,43.7,45.6,30.5,38.6,39,84.4,0.139,100,12.5,rain,0,0,23.7,15.4,26.1,1025.2,74.3,4.6,88.6,7.7,3,,2015-03-13T06:24:54,2015-03-13T18:04:59,0.75,"Rain, Partially cloudy",Partly cloudy throughout the day with a chance of rain throughout the day.,rain,"03462099999,03379099999,03354099999,03535099999,EGNX,03544099999"
Loughborough,2015-03-14,44.3,37.2,39.8,37.4,28.1,32.6,31.3,71.6,0,0,0,,0,0,30,16.2,41.1,1033.1,84.6,7.9,83.2,7.1,3,,2015-03-14T06:22:33,2015-03-14T18:06:47,0.8,Partially cloudy,Partly cloudy throughout the day.,partly-cloudy-day,"03462099999,03379099999,03354099999,03535099999,EGNX,03544099999"
Loughborough,2015-03-15,44.3,39.2,41.3,38,31.4,34.4,36.9,84.5,0,0,0,,0,0,27.5,15.7,45.8,1030.4,82,6.8,72.5,6.3,3,,2015-03-15T06:20:11,2015-03-15T18:08:36,0.83,Partially cloudy,Partly cloudy throughout the day.,partly-cloudy-day,"03462099999,03379099999,03354099999,03535099999,EGNX,03544099999"
Loughborough,2015-03-16,46.1,39.2,41.7,41.2,32.4,36.2,38.6,89.1,0.003,100,8.33,rain,0,0,18.3,12.2,60.9,1024.9,79.5,4.8,116.8,10,5,,2015-03-16T06:17:50,2015-03-16T18:10:24,0.87,"Rain, Partially cloudy",Partly cloudy throughout the day with rain.,rain,"03462099999,03379099999,03330099999,03354099999,03535099999,EGNX,03544099999"
Loughborough,2015-03-17,46.3,36,40.4,44.9,33,38.1,37.8,90.6,0.052,100,8.33,rain,0,0,10.7,6.7,65.3,1026.3,68.3,2.4,93.7,8.1,3,,2015-03-17T06:15:28,2015-03-17T18:12:11,0.9,"Rain, Partially cloudy",Partly cloudy throughout the day with rain.,rain,"03462099999,03379099999,03330099999,03354099999,03535099999,EGNX,03544099999"
Loughborough,2015-03-18,49.5,30.8,40.6,46.1,26.2,36.5,35.1,82.4,0.002,100,8.33,"rain,snow",0,0,17,12.9,353.6,1033.1,60.8,2.8,104.4,9.1,4,,2015-03-18T06:13:06,2015-03-18T18:13:59,0.94,"Snow, Rain, Partially cloudy",Partly cloudy throughout the day with rain or snow in the morning and afternoon.,rain,"03462099999,03379099999,03330099999,03354099999,03535099999,EGNX,03544099999"
Loughborough,2015-03-19,44.3,36,41,40.9,30.6,36.5,37.2,86.5,0,0,0,,0,0,18.1,9.8,12.3,1034.5,85.6,3.3,75.3,6.5,3,,2015-03-19T06:10:44,2015-03-19T18:15:47,0.97,Partially cloudy,Partly cloudy throughout the day.,partly-cloudy-day,"03462099999,03379099999,03354099999,03535099999,EGNX,03544099999"
Loughborough,2015-03-20,55.2,35.9,44.6,55.2,30.8,41.9,38.7,80.8,0,0,0,,0,0,21.7,11.8,276.9,1027.5,64.6,4.7,146.1,12.6,6,,2015-03-20T06:08:21,2015-03-20T18:17:34,0,Partially cloudy,Partly cloudy throughout the day.,partly-cloudy-day,"03462099999,03379099999,03330099999,03354099999,03535099999,EGNX,03544099999"
Loughborough,2015-03-21,46.1,39.6,43.5,40.1,33.9,37.4,35,72.5,0,0,0,,0,0,33.3,19.6,3.9,1027.2,83.6,7.7,101.2,8.6,4,,2015-03-21T06:05:59,2015-03-21T18:19:21,0.04,Partially cloudy,Partly cloudy throughout the day.,partly-cloudy-day,"03462099999,03379099999,03354099999,03535099999,EGNX,03544099999"
Loughborough,2015-03-22,49.7,38.8,42.4,49,33.3,39.6,33.5,71.3,0.002,100,4.17,rain,0,0,14.8,7.7,132,1026.3,73.2,8.5,149.9,12.9,5,,2015-03-22T06:03:36,2015-03-22T18:21:08,0.07,"Rain, Partially cloudy",Partly cloudy throughout the day with early morning rain.,rain,"03462099999,03379099999,03330099999,03354099999,03535099999,EGNX,03544099999"
Loughborough,2015-03-23,48.1,34.9,41.5,43.6,27.1,35.5,36,80.9,0,0,0,,0,0,20.8,13.9,246.7,1014.8,62.6,7.2,80.7,6.9,2,,2015-03-23T06:01:14,2015-03-23T18:22:55,0.1,Partially cloudy,Partly cloudy throughout the day.,partly-cloudy-day,"03462099999,03379099999,03330099999,03354099999,03535099999,EGNX,03544099999"
Loughborough,2015-03-24,47.7,32.6,39.9,42.4,25.9,34.4,33.9,79.9,0.003,100,4.17,rain,0,0,23,13.8,283.9,1010.1,45.6,7.9,163.6,14,6,,2015-03-24T05:58:51,2015-03-24T18:24:42,0.14,"Rain, Partially cloudy",Partly cloudy throughout the day with late afternoon rain.,rain,"03462099999,03379099999,03354099999,03535099999,EGNX,03544099999"
Loughborough,2015-03-25,49.1,30.7,40.2,48.2,26.2,36.7,31.5,72.9,0.001,100,4.17,"rain,snow",0,0,15.2,8.4,294.5,1011.3,54.2,7.3,162.7,14,5,,2015-03-25T05:56:29,2015-03-25T18:26:29,0.17,"Snow, Rain, Partially cloudy",Partly cloudy throughout the day with early morning snow or rain.,rain,"03462099999,03379099999,03330099999,03354099999,03535099999,EGNX,03544099999"
Loughborough,2015-03-26,49.8,37,43.2,42.6,27.9,35.5,35.7,76.3,0.306,100,12.5,rain,0,0,39,24.7,259.9,1004,65.4,7.7,132.4,11.3,5,,2015-03-26T05:54:06,2015-03-26T18:28:15,0.2,"Rain, Partially cloudy",Partly cloudy throughout the day with a chance of rain throughout the day.,rain,"03462099999,03379099999,03330099999,03354099999,03535099999,EGNX,03544099999"
Loughborough,2015-03-27,51.4,35.7,43.6,51.4,27,38.6,33.2,68,0,0,0,,0,0,28.9,14,256.6,1018.3,44.7,8.7,154.7,13.3,6,,2015-03-27T05:51:44,2015-03-27T18:30:02,0.25,Partially cloudy,Partly cloudy throughout the day.,partly-cloudy-day,"03462099999,03379099999,03330099999,03354099999,03535099999,EGNX,03544099999"
Loughborough,2015-03-28,58.4,42.5,50.3,58.4,37.8,47.3,45.4,83.8,0.018,100,8.33,rain,0,0,37.4,25.9,217.2,1007.5,76.9,7.6,64.3,5.7,2,,2015-03-28T05:49:22,2015-03-28T18:31:48,0.27,"Rain, Partially cloudy",Partly cloudy throughout the day with rain in the morning and afternoon.,rain,"03462099999,03379099999,03354099999,03535099999,EGNX,03544099999"
Loughborough,2015-03-29,54.6,42.9,47.2,54.6,34.4,41,40.7,78.6,0.237,100,8.33,rain,0,0,43.2,32.6,253.2,996.1,61.3,8,92.4,7.8,4,,2015-03-29T06:46:59,2015-03-29T19:33:35,0.3,"Rain, Partially cloudy",Partly cloudy throughout the day with rain.,rain,"03462099999,03418599999,03379099999,03330099999,03354099999,03535099999,EGNX,03544099999"
Loughborough,2015-03-30,49.9,39.2,43.8,43.6,28.5,36.3,35.9,75.1,0.048,100,12.5,rain,0,9.2,46.1,23.9,247,1004,54.3,7.8,135.6,11.9,5,,2015-03-30T06:44:37,2015-03-30T19:35:21,0.33,"Rain, Partially cloudy",Becoming cloudy in the afternoon with rain.,rain,"03462099999,03379099999,03354099999,03535099999,EGNX,03544099999"
Loughborough,2015-03-31,51.6,39,45.2,51.6,28.9,37.1,37.4,74.4,0.244,100,16.67,rain,0,0,52.9,34.7,272.9,1004,59.6,8.4,182.4,15.8,6,,2015-03-31T06:42:15,2015-03-31T19:37:07,0.37,"Rain, Partially cloudy",Partly cloudy throughout the day with a chance of rain throughout the day.,rain,"03462099999,03379099999,03330099999,03354099999,03535099999,EGNX,03544099999"
Loughborough,2015-04-01,47.8,37.7,42.7,40,27.9,34.6,35.3,75.4,0.08,100,12.5,rain,0,0,34.7,23.8,267.9,1019.8,66.3,7.8,159.6,14,6,,2015-04-01T06:39:54,2015-04-01T19:38:53,0.4,"Rain, Partially cloudy",Partly cloudy throughout the day with rain.,rain,"03462099999,03379099999,03330099999,03354099999,03535099999,EGNX,03544099999"
Loughborough,2015-04-02,50,40.6,45.2,48.2,34.5,41.5,35.3,70.1,0.106,100,8.33,rain,0,0,19.9,11.5,281,1019.8,63.4,8.9,170.5,14.6,6,,2015-04-02T06:37:33,2015-04-02T19:40:39,0.43,"Rain, Partially cloudy",Clearing in the afternoon with rain clearing later.,rain,"03462099999,03418599999,03379099999,03330099999,03354099999,03535099999,EGNX,03544099999"
Loughborough,2015-04-03,51.6,42.7,48,51.6,38.1,45.3,46.5,94.9,0.112,100,16.67,rain,0,0,28.9,10,176.6,1016.2,89,4,37.2,3.3,2,,2015-04-03T06:35:11,2015-04-03T19:42:26,0.47,"Rain, Partially cloudy",Partly cloudy throughout the day with a chance of rain throughout the day.,rain,"03462099999,03379099999,03330099999,03354099999,03535099999,EGNX,03544099999"
Loughborough,2015-04-04,51,44.4,46.9,51,38.3,43.4,41.4,81.4,0.071,100,4.17,rain,0,0,27.1,13.1,0.3,1022.9,80.7,7.4,80.9,7.1,2,,2015-04-04T06:32:51,2015-04-04T19:44:12,0.5,"Rain, Partially cloudy",Partly cloudy throughout the day with early morning rain.,rain,"03462099999,03379099999,03354099999,03535099999,EGNX,03544099999"
Loughborough,2015-04-05,55.2,42.7,49.1,55.2,38.6,47.6,43.2,80.6,0,0,0,,0,0,16.3,8.9,330.8,1027.2,66,6.7,104.4,9,4,,2015-04-05T06:30:30,2015-04-05T19:45:58,0.53,Partially cloudy,Partly cloudy throughout the day.,partly-cloudy-day,"03462099999,03379099999,03330099999,03354099999,03535099999,EGNX,03544099999"
Loughborough,2015-04-06,61.7,38.2,50.4,61.7,34,48.3,44.7,81.8,0,0,0,,0,0,24.2,11,98,1032.2,38.1,6.8,151.2,13,4,,2015-04-06T06:28:10,2015-04-06T19:47:44,0.57,Partially cloudy,Partly cloudy throughout the day.,partly-cloudy-day,"03462099999,03379099999,03330099999,03354099999,03535099999,EGNX,03544099999"
Loughborough,2015-04-07,63.7,40.5,50.2,63.7,36.8,48.9,42.2,76.4,0,0,0,,0,0,16.3,9.7,290.4,1036.1,49.8,5.7,183,15.8,6,,2015-04-07T06:25:51,2015-04-07T19:49:30,0.6,Partially cloudy,Partly cloudy throughout the day.,partly-cloudy-day,"03462099999,03379099999,03330099999,03354099999,03535099999,EGNX,03544099999"
Loughborough,2015-04-08,60.3,40.8,50.2,60.3,37.5,48.8,41.8,74.1,0,0,0,,0,0,17.9,8.9,80.3,1033.4,47.2,6.7,163.4,14.1,6,,2015-04-08T06:23:31,2015-04-08T19:51:16,0.64,Partially cloudy,Partly cloudy throughout the day.,partly-cloudy-day,"03462099999,03418599999,03379099999,03330099999,03354099999,03535099999,EGNX,03544099999"
Loughborough,2015-04-09,62.3,42.2,52.2,62.3,39.9,51.4,42.4,71.5,0,0,0,,0,0,13.9,8.5,193.5,1026.4,44.7,5.8,180.7,15.5,6,,2015-04-09T06:21:13,2015-04-09T19:53:02,0.67,Partially cloudy,Partly cloudy throughout the day.,partly-cloudy-day,"03462099999,03418599999,03379099999,03330099999,03354099999,03535099999,EGNX,03544099999"
Loughborough,2015-04-10,66.1,42.6,55.8,66.1,39.9,54.9,42.4,63.4,0,0,0,,0,0,26.6,17.2,172.5,1016.9,43.4,5.2,229.6,19.7,7,,2015-04-10T06:18:54,2015-04-10T19:54:48,0.71,Partially cloudy,Partly cloudy throughout the day.,partly-cloudy-day,"03462099999,03379099999,03330099999,03354099999,03535099999,EGNX,03544099999"
Loughborough,2015-04-11,53.2,42.9,49.3,53.2,35,46.3,36.1,62.8,0.071,100,8.33,rain,0,0,34,21.3,244.8,1015.6,58.2,8.9,181.5,15.6,7,,2015-04-11T06:16:37,2015-04-11T19:56:34,0.74,"Rain, Partially cloudy",Partly cloudy throughout the day with rain.,rain,"03462099999,03379099999,03330099999,03354099999,03535099999,EGNX,03544099999"
Loughborough,2015-04-12,57.2,37.6,45.4,57.2,30.1,40.6,37.7,75.1,0.058,100,4.17,rain,0,0,46.3,31.1,224.4,1023.2,63.4,8.5,136.2,11.8,5,,2015-04-12T06:14:20,2015-04-12T19:58:20,0.75,"Rain, Partially cloudy",Partly cloudy throughout the day with late afternoon rain.,rain,"03462099999,03418599999,03379099999,03330099999,03354099999,03535099999,EGNX,03544099999"
Loughborough,2015-04-13,57.1,33.9,46.5,57.1,28.5,44.5,40.1,79.8,0.019,100,8.33,rain,0,0,21.9,13,214.6,1029.5,51.3,6.9,139.2,12.1,5,,2015-04-13T06:12:03,2015-04-13T20:00:06,0.81,"Rain, Partially cloudy",Partly cloudy throughout the day with rain.,rain,"03462099999,03379099999,03330099999,03354099999,03535099999,EGNX,03544099999"
Loughborough,2015-04-14,66,47.1,55.8,66,42.7,54.6,45.2,69.4,0,0,0,,0,0,34.4,18.1,232.3,1023.3,36,8.2,210.8,18.1,7,,2015-04-14T06:09:47,2015-04-14T20:01:52,0.85,Partially cloudy,Clearing in the afternoon.,partly-cloudy-day,"03462099999,03379099999,03330099999,03354099999,03535099999,EGNX,03544099999"
Loughborough,2015-04-15,62.2,42.4,52.9,62.2,38.5,52,44,72.7,0,0,0,,0,0,23,17.8,271.4,1017,33,8,219.4,18.9,7,,2015-04-15T06:07:32,2015-04-15T20:03:38,0.88,Partially cloudy,Becoming cloudy in the afternoon.,partly-cloudy-day,"03462099999,03379099999,03330099999,03354099999,03535099999,EGNX,03544099999"
Loughborough,2015-04-16,55.5,46.2,50.3,55.5,43.2,49.1,41,70.3,0.008,100,4.17,rain,0,0,18.3,10.6,43.5,1016.7,74.2,8.4,150,12.9,5,,2015-04-16T06:05:17,2015-04-16T20:05:24,0.92,"Rain, Partially cloudy",Partly cloudy throughout the day with early morning rain.,rain,"03462099999,03379099999,03330099999,03354099999,03535099999,EGNX,03544099999"
Loughborough,2015-04-17,53.4,42.5,47.8,53.4,36.8,44.8,36.5,65.3,0,0,0,,0,0,25.9,14.6,71.5,1021.9,55.1,9.6,158.6,13.6,5,,2015-04-17T06:03:04,2015-04-17T20:07:10,0.95,Partially cloudy,Partly cloudy throughout the day.,partly-cloudy-day,"03462099999,03379099999,03354099999,03535099999,EGNX,03544099999"
Loughborough,2015-04-18,56.7,37.1,46,56.7,31.3,41.9,37.2,73.2,0,0,0,,0,0,32.2,17.3,55.9,1029.9,34.5,8.7,254,21.9,8,,2015-04-18T06:00:51,2015-04-18T20:08:56,0,Partially cloudy,Partly cloudy throughout the day.,partly-cloudy-day,"03462099999,03379099999,03330099999,03354099999,03535099999,03377099999,EGNX,03544099999,03373099999"
Loughborough,2015-04-19,53.1,39.1,45,53.1,32.9,40.9,36.2,71.7,0.005,100,4.17,rain,0,0,26.4,19.4,28.9,1026.4,70.6,8.7,138.2,12.2,5,,2015-04-19T05:58:39,2015-04-19T20:10:42,0.02,"Rain, Partially cloudy",Partly cloudy throughout the day with late afternoon rain.,rain,"03462099999,03379099999,03330099999,03354099999,03535099999,EGNX,03544099999"
Loughborough,2015-04-20,59,33.5,46,59,28.9,44.3,39.3,79.9,0,0,0,,0,0,16.1,8.1,66.6,1030.8,41.6,5.7,239,20.7,8,,2015-04-20T05:56:27,2015-04-20T20:12:28,0.05,Partially cloudy,Clearing in the afternoon.,partly-cloudy-day,"03462099999,03379099999,03330099999,03354099999,03535099999,03377099999,EGNX,03544099999,03373099999"
Loughborough,2015-04-21,62.4,37.2,50.1,62.4,34,49,40.1,70.6,0,0,0,,0,0,17.9,10.9,57.5,1035.2,17.9,7,259.7,22.5,7,,2015-04-21T05:54:17,2015-04-21T20:14:13,0.09,Clear,Clear conditions throughout the day.,clear-day,"03462099999,03379099999,03330099999,03354099999,03535099999,EGNX,03544099999"
Loughborough,2015-04-22,58.8,38.9,49.6,58.8,34.3,48.2,41.2,73.7,0,0,0,,0,0,22.8,11.1,77.5,1031.9,35.7,8.8,182.5,15.8,7,,2015-04-22T05:52:07,2015-04-22T20:15:59,0.12,Partially cloudy,Partly cloudy throughout the day.,partly-cloudy-day,"03462099999,03379099999,03330099999,03354099999,03535099999,EGNX,03544099999"
Loughborough,2015-04-23,62.4,37.8,50.4,62.4,32,49.1,42.1,75.7,0,0,0,,0,0,11,7.9,156.1,1020.6,57,5.8,257.5,22.1,7,,2015-04-23T05:49:59,2015-04-23T20:17:45,0.15,Partially cloudy,Partly cloudy throughout the day.,partly-cloudy-day,"03462099999,03379099999,03330099999,03354099999,03535099999,EGNX,03544099999"
Loughborough,2015-04-24,62.3,45.5,54.1,62.3,42.8,53.2,44.7,71.3,0,0,0,,0,0,30,18,228.3,1009.9,56.6,6.6,196,16.9,7,,2015-04-24T05:47:51,2015-04-24T20:19:30,0.18,Partially cloudy,Becoming cloudy in the afternoon.,partly-cloudy-day,"03462099999,03418599999,03379099999,03330099999,03354099999,03535099999,03377099999,EGNX,03544099999"
Loughborough,2015-04-25,58.8,42.8,52.7,58.8,37.2,51.7,45.9,78.1,0.062,100,8.33,rain,0,0,30.2,18.7,239.5,1004.2,64.2,8.3,181.5,15.7,6,,2015-04-25T05:45:45,2015-04-25T20:21:16,0.22,"Rain, Partially cloudy",Partly cloudy throughout the day with rain.,rain,"03462099999,03379099999,03330099999,03354099999,03535099999,EGNX,03544099999"
Loughborough,2015-04-26,54.9,39.5,46.7,54.9,34,44.3,32.8,62.9,0.03,100,4.17,rain,0,0,21.5,12.9,330.3,1008.9,64.3,8.8,225.4,19.5,6,,2015-04-26T05:43:39,2015-04-26T20:23:01,0.25,"Rain, Partially cloudy",Partly cloudy throughout the day with early morning rain.,rain,"03462099999,03379099999,03354099999,03535099999,EGNX,03544099999"
Loughborough,2015-04-27,53.1,32.2,43,53.1,25.9,39.5,28.3,60.1,0,0,0,,0,0,30.6,14.8,247.3,1011.3,30.8,10.3,255.8,22.1,8,,2015-04-27T05:41:35,2015-04-27T20:24:46,0.28,Partially cloudy,Partly cloudy throughout the day.,partly-cloudy-day,"03462099999,03379099999,03330099999,03354099999,03535099999,EGNX,03544099999"
Loughborough,2015-04-28,53.5,35.6,45.1,53.5,26.9,40.1,29.8,58.2,0.001,100,4.17,rain,0,0,31.2,22.9,243.1,1014,27.2,10.2,262.9,22.7,7,,2015-04-28T05:39:32,2015-04-28T20:26:31,0.31,"Rain, Partially cloudy",Partly cloudy throughout the day with early morning rain.,rain,"03462099999,03379099999,03330099999,03354099999,03535099999,EGNX,03544099999"
Loughborough,2015-04-29,54.9,42.6,47.1,54.9,34.8,42.6,34.4,63.2,0.072,100,8.33,rain,0,0,33.9,20.9,228.4,1010.5,58.2,9.6,232,20.1,8,,2015-04-29T05:37:30,2015-04-29T20:28:15,0.35,"Rain, Partially cloudy",Partly cloudy throughout the day with rain in the morning and afternoon.,rain,"03462099999,03418599999,03379099999,03330099999,03354099999,03535099999,EGNX,03544099999"
Loughborough,2015-04-30,52.8,40.7,46.1,52.8,32.5,41.7,36.5,70.2,0.001,100,4.17,rain,0,0,32.2,16.9,260,1010.1,54.8,10.1,226.5,19.5,6,,2015-04-30T05:35:29,2015-04-30T20:30:00,0.38,"Rain, Partially cloudy",Partly cloudy throughout the day with afternoon rain.,rain,"03462099999,03379099999,03330099999,03354099999,03535099999,EGNX,03544099999"
Loughborough,2015-05-01,51.5,33.9,42.8,51.5,30.2,39.2,32.1,67.8,0,0,0,,0,0,25.5,13.8,57.5,1012.2,46.4,9,196.5,17,6,,2015-05-01T05:33:30,2015-05-01T20:31:44,0.41,Partially cloudy,Partly cloudy throughout the day.,partly-cloudy-day,"03462099999,03379099999,03354099999,03535099999,EGNX,03544099999"
Loughborough,2015-05-02,50,36,44.1,45.2,32.2,39.4,36.9,76.5,0.008,100,4.17,rain,0,0,31.1,16.4,86.1,1010.5,79.4,8.4,96.3,8.4,3,,2015-05-02T05:31:32,2015-05-02T20:33:27,0.44,"Rain, Partially cloudy",Partly cloudy throughout the day with late afternoon rain.,rain,"03462099999,03379099999,03354099999,03535099999,EGNX,03544099999"
Loughborough,2015-05-03,65.9,44.7,53.9,65.9,38.6,51.8,47.9,81.3,0.542,100,8.33,rain,0,0,33.8,23.6,185.6,996.5,75.8,6.4,119.7,10.3,6,,2015-05-03T05:29:35,2015-05-03T20:35:11,0.48,"Rain, Partially cloudy",Partly cloudy throughout the day with rain in the morning and afternoon.,rain,"EGXW,EGBB,03330099999,03535099999,03534099999,EGNX,EGYD,03544099999,03462099999,03418599999,03379099999,03354099999,03377099999,EGXT,03373099999"
Loughborough,2015-05-04,60.4,49.9,54.8,60.4,45.3,54.4,44.8,70.8,0.03,100,4.17,rain,0,0,27.1,16.1,201.7,1000.5,56.4,8.8,193.2,16.7,7,,2015-05-04T05:27:40,2015-05-04T20:36:54,0.5,"Rain, Partially cloudy",Partly cloudy throughout the day with early morning rain.,rain,"03462099999,03379099999,03330099999,03354099999,03535099999,03377099999,EGNX,03544099999"
Loughborough,2015-05-05,58.5,48.3,53.4,58.5,42.2,52.9,47.8,82.6,0.439,100,16.67,rain,0,0,46.6,29.7,204.5,991,73.7,7.7,195.4,16.8,8,,2015-05-05T05:25:47,2015-05-05T20:38:36,0.55,"Rain, Partially cloudy",Partly cloudy throughout the day with a chance of rain throughout the day.,rain,"03462099999,03379099999,03330099999,03354099999,03535099999,03377099999,EGNX,03544099999"
Loughborough,2015-05-06,51.6,46.2,49,51.6,39.2,45.2,43.7,82.1,0.084,100,16.67,rain,0,0,39.3,26.5,216.9,999.1,63.1,8.2,169.1,14.6,5,,2015-05-06T05:23:55,2015-05-06T20:40:19,0.58,"Rain, Partially cloudy",Partly cloudy throughout the day with a chance of rain throughout the day.,rain,"03462099999,03379099999,03354099999,03535099999,EGNX,03544099999"
Loughborough,2015-05-07,54.9,42.5,48.4,54.9,36.6,45.9,43.8,84.4,0.168,100,16.67,rain,0,0,24.2,16.2,240.2,1014.1,46.5,8.7,220.4,18.8,7,,2015-05-07T05:22:04,2015-05-07T20:42:00,0.62,"Rain, Partially cloudy",Partly cloudy throughout the day with a chance of rain throughout the day.,rain,"03462099999,03418599999,03379099999,03330099999,03354099999,03535099999,EGNX,03544099999"
Loughborough,2015-05-08,57.1,42.6,50.6,57.1,41.1,50.3,45.9,84.7,0.113,100,8.33,rain,0,0,29.8,14.7,128.6,1012.6,83.8,6.9,144.6,12.3,6,,2015-05-08T05:20:15,2015-05-08T20:43:41,0.65,"Rain, Partially cloudy",Partly cloudy throughout the day with rain.,rain,"03462099999,03379099999,03330099999,03354099999,03535099999,EGNX,03544099999"
Loughborough,2015-05-09,53.6,45.9,51.3,53.6,43.1,50,44,76.3,0.049,100,4.17,rain,0,0,35.3,23.4,241.9,1013.1,76.2,9.6,186.7,16.1,6,,2015-05-09T05:18:28,2015-05-09T20:45:22,0.69,"Rain, Partially cloudy",Partly cloudy throughout the day with early morning rain.,rain,"03462099999,03379099999,03330099999,03354099999,03535099999,EGNX,03544099999"
Loughborough,2015-05-10,62.2,45.9,53.7,62.2,42.1,52.5,46.9,78.3,0,0,0,,0,0,33.3,20.3,194.3,1021,59.5,8.4,214.3,18.4,7,,2015-05-10T05:16:42,2015-05-10T20:47:02,0.72,Partially cloudy,Partly cloudy throughout the day.,partly-cloudy-day,"03462099999,03379099999,03330099999,03354099999,03535099999,EGNX,03544099999"
Loughborough,2015-05-11,67.7,53.1,59.1,67.7,53.1,59.1,46.7,66.6,0,0,0,,0,0,33.3,20.5,213.3,1015.6,61.6,9.5,231.6,19.9,8,,2015-05-11T05:14:59,2015-05-11T20:48:41,0.75,Partially cloudy,Partly cloudy throughout the day.,partly-cloudy-day,"03462099999,03418599999,03379099999,03330099999,03354099999,03535099999,EGNX,03544099999"
Loughborough,2015-05-12,59,49.8,54.5,59,44.4,54.3,40.7,60.5,0.005,100,4.17,rain,0,0,38.8,26.5,244.3,1016.6,62.7,8.6,245.3,21.1,8,,2015-05-12T05:13:17,2015-05-12T20:50:19,0.8,"Rain, Partially cloudy",Partly cloudy throughout the day with afternoon rain.,rain,"03462099999,03418599999,03379099999,03330099999,03354099999,03535099999,EGNX,03544099999"
Loughborough,2015-05-13,60.3,42.5,52,60.3,38.1,50.2,40.6,67.1,0,0,0,,0,0,18.8,12.1,298.7,1019.5,38.3,9,249.8,21.7,7,,2015-05-13T05:11:37,2015-05-13T20:51:57,0.83,Partially cloudy,Partly cloudy throughout the day.,partly-cloudy-day,"03462099999,03418599999,03379099999,03330099999,03354099999,03535099999,03377099999,EGNX,03544099999"
Loughborough,2015-05-14,50,42.2,46.9,44.8,37.3,41.7,41,80.5,0.069,100,8.33,rain,0,0,32.2,17.4,68.9,1014.7,78.3,8.5,95.5,8.3,2,,2015-05-14T05:09:59,2015-05-14T20:53:34,0.87,"Rain, Partially cloudy",Partly cloudy throughout the day with rain.,rain,"03462099999,03418599999,03379099999,03330099999,03354099999,03535099999,EGNX,03544099999"
Loughborough,2015-05-15,58.8,44.1,51,58.8,40.5,49.4,39.3,64.8,0,0,0,,0,0,22.6,14.6,255.4,1020.6,66.3,8.2,273,23.7,8,,2015-05-15T05:08:23,2015-05-15T20:55:10,0.9,Partially cloudy,Partly cloudy throughout the day.,partly-cloudy-day,"03462099999,03418599999,03379099999,03330099999,03354099999,03535099999,03377099999,EGNX,03544099999"
Loughborough,2015-05-16,57.2,49.9,54,57.2,45.3,53.8,41.5,64.2,0.001,100,4.17,rain,0,0,31.2,18.3,269,1022.8,53.6,8.5,172.5,14.9,5,,2015-05-16T05:06:49,2015-05-16T20:56:45,0.94,"Rain, Partially cloudy",Partly cloudy throughout the day with early morning rain.,rain,"03462099999,03379099999,03330099999,03354099999,03535099999,EGNX,03544099999"
Loughborough,2015-05-17,56.7,42.5,50.6,56.7,37.4,48.8,40,68,0,0,0,,0,0,31.1,19.6,240.8,1023.5,58.5,10.3,157.4,13.7,5,,2015-05-17T05:05:17,2015-05-17T20:58:19,0.97,Partially cloudy,Partly cloudy throughout the day.,partly-cloudy-day,"03462099999,03379099999,03330099999,03354099999,03535099999,EGNX,03544099999"
Loughborough,2015-05-18,55.2,43,48.5,55.2,36.7,44.5,42.2,80,0.254,100,8.33,rain,0,0,31.3,24.2,232,1004.7,70.3,7.5,134.1,11.5,5,,2015-05-18T05:03:47,2015-05-18T20:59:52,0,"Rain, Partially cloudy",Partly cloudy throughout the day with rain in the morning and afternoon.,rain,"03462099999,03418599999,03379099999,03330099999,03354099999,03535099999,03377099999,EGNX,03544099999"
Loughborough,2015-05-19,51.6,42.8,47,51.6,35.4,41.9,40.5,78.5,0.119,100,16.67,rain,0,0,33.3,19.7,252.5,1002.4,50.8,9.5,222.5,19.3,6,,2015-05-19T05:02:20,2015-05-19T21:01:23,0.04,"Rain, Partially cloudy",Partly cloudy throughout the day with a chance of rain throughout the day.,rain,"03462099999,03379099999,03330099999,03354099999,03535099999,EGNX,03544099999"
Loughborough,2015-05-20,55.4,42.2,48.5,55.4,35.5,45.5,40.8,75.6,0.009,100,8.33,rain,0,0,30.4,19.3,277.2,1015.4,53.9,9.2,237.4,20.5,6,,2015-05-20T05:00:55,2015-05-20T21:02:54,0.07,"Rain, Partially cloudy",Partly cloudy throughout the day with rain.,rain,"03462099999,03379099999,03330099999,03354099999,03535099999,EGNX,03544099999"
Loughborough,2015-05-21,64.2,44.2,54.2,64.2,39.2,52.7,43.6,69.2,0,0,0,,0,0,21.9,13,259.9,1024.5,49.3,8.8,272.7,23.5,8,,2015-05-21T04:59:32,2015-05-21T21:04:23,0.11,Partially cloudy,Partly cloudy throughout the day.,partly-cloudy-day,"03462099999,03379099999,03330099999,03354099999,03535099999,EGNX,03544099999"
Loughborough,2015-05-22,67.3,51.5,57.8,67.3,51.5,57.8,50.1,75.6,0,0,0,,0,0,20.4,12.1,261.3,1024.4,77,8.6,141.5,12.1,4,,2015-05-22T04:58:11,2015-05-22T21:05:50,0.14,Partially cloudy,Partly cloudy throughout the day.,partly-cloudy-day,"03462099999,03379099999,03354099999,03535099999,EGNX,03544099999"
Loughborough,2015-05-23,62,46.9,54.8,62,43,54.3,47.9,78.3,0,0,0,,0,0,15.7,9.4,262.8,1024.8,68.9,9.5,118.9,10.2,4,,2015-05-23T04:56:53,2015-05-23T21:07:17,0.17,Partially cloudy,Partly cloudy throughout the day.,partly-cloudy-day,"03462099999,03379099999,03330099999,03354099999,03535099999,EGNX,03544099999"
Loughborough,2015-05-24,59,46.7,54.1,59,43.5,53.9,48.2,80.8,0.004,100,4.17,rain,0,0,23.7,12.4,257,1019.1,71.8,7.8,125.9,10.9,4,,2015-05-24T04:55:38,2015-05-24T21:08:42,0.2,"Rain, Partially cloudy",Partly cloudy throughout the day with afternoon rain.,rain,"03462099999,03418599999,03379099999,03330099999,03354099999,03535099999,EGNX,03544099999"
Loughborough,2015-05-25,56.7,44.7,51.2,56.7,41.8,50,43.9,76.6,0.001,100,4.17,rain,0,0,21.5,10.3,282.1,1019.7,71.2,8.1,120.9,10.5,4,,2015-05-25T04:54:25,2015-05-25T21:10:05,0.25,"Rain, Partially cloudy",Partly cloudy throughout the day with afternoon rain.,rain,"03462099999,03379099999,03330099999,03354099999,03535099999,EGNX,03544099999"
Loughborough,2015-05-26,60.3,46.6,53.1,60.3,41.7,51.2,43.2,70,0,0,0,,0,0,25.1,15.9,291.1,1023.5,55.8,9.5,229.6,19.8,6,,2015-05-26T04:53:14,2015-05-26T21:11:26,0.27,Partially cloudy,Partly cloudy throughout the day.,partly-cloudy-day,"03462099999,03379099999,03330099999,03354099999,03535099999,03377099999,EGNX,03544099999"
Loughborough,2015-05-27,62.2,39.7,52.3,62.2,35.1,50.6,41.7,68.8,0.011,100,4.17,rain,0,0,33.4,19.1,239.4,1021.6,49.9,8.5,225,19.4,7,,2015-05-27T04:52:06,2015-05-27T21:12:46,0.3,"Rain, Partially cloudy",Partly cloudy throughout the day with late afternoon rain.,rain,"03462099999,03379099999,03330099999,03354099999,03535099999,EGNX,03544099999"
Loughborough,2015-05-28,58.6,46.6,52.4,58.6,40.9,50.6,41.1,67.3,0.011,100,16.67,rain,0,0,32.2,19.8,256.6,1012.8,50.6,10.1,255,22,7,,2015-05-28T04:51:01,2015-05-28T21:14:04,0.33,"Rain, Partially cloudy",Partly cloudy throughout the day with a chance of rain throughout the day.,rain,"03462099999,03418599999,03379099999,03330099999,03354099999,03535099999,03377099999,EGNX,03544099999"
Loughborough,2015-05-29,54.9,45.2,49.6,54.9,40.5,46.5,42,76.2,0.273,100,8.33,rain,0,0,31.7,19.1,256.5,1006.8,69.6,9.3,180,15.4,7,,2015-05-29T04:49:59,2015-05-29T21:15:20,0.36,"Rain, Partially cloudy",Partly cloudy throughout the day with rain in the morning and afternoon.,rain,"03462099999,03379099999,03330099999,03354099999,03535099999,EGNX,03544099999"
Loughborough,2015-05-30,58.8,42.6,51.5,58.8,36.7,49.6,39.8,66.2,0.007,100,8.33,rain,0,0,31.1,13.8,248.5,1011.9,55.1,9.9,252.9,21.9,6,,2015-05-30T04:48:59,2015-05-30T21:16:35,0.4,"Rain, Partially cloudy",Partly cloudy throughout the day with rain clearing later.,rain,"03462099999,03379099999,03330099999,03354099999,03535099999,EGNX,03544099999"
Loughborough,2015-05-31,56.8,46.2,52.5,56.8,40.2,51.8,44.7,76.3,0.171,100,12.5,rain,0,0,31.1,19.2,240,1005.3,77.2,7.9,99.7,8.6,4,,2015-05-31T04:48:02,2015-05-31T21:17:47,0.43,"Rain, Partially cloudy",Partly cloudy throughout the day with a chance of rain throughout the day.,rain,"03462099999,03379099999,03330099999,03354099999,03535099999,EGNX,03544099999"
Loughborough,2015-06-01,56.7,42.2,49.4,56.7,36.1,45.9,41.2,74.3,0.016,100,12.5,rain,0,0,40.2,26.1,203.4,1008.9,58,8.5,219.3,19.1,7,,2015-06-01T04:47:09,2015-06-01T21:18:57,0.46,"Rain, Partially cloudy",Partly cloudy throughout the day with rain.,rain,"03462099999,03379099999,03354099999,03535099999,EGNX,03544099999"
Loughborough,2015-06-02,65.2,50.6,57.7,65.2,50.6,57.7,48.6,74,0.17,100,8.33,rain,0,0,51.3,32.9,231.6,999.5,78.2,8.7,150.2,13.1,7,,2015-06-02T04:46:18,2015-06-02T21:20:05,0.5,"Rain, Partially cloudy",Partly cloudy throughout the day with rain.,rain,"03462099999,03379099999,03330099999,03354099999,03535099999,EGNX,03544099999"
Loughborough,2015-06-03,63.7,49.7,56.2,63.7,45.3,55.8,43.5,63.7,0.004,100,4.17,rain,0,0,28.9,15.7,259.5,1018.9,57.7,9.8,220.8,18.8,6,,2015-06-03T04:45:30,2015-06-03T21:21:10,0.53,"Rain, Partially cloudy",Partly cloudy throughout the day with morning rain.,rain,"03462099999,03379099999,03330099999,03354099999,03535099999,03377099999,EGNX,03544099999"
Loughborough,2015-06-04,71,41.6,59,71,39.1,58.8,44.8,61.4,0,0,0,,0,0,21.3,13,160.9,1023.9,32.3,8.5,329.6,28.5,9,,2015-06-04T04:44:45,2015-06-04T21:22:13,0.56,Partially cloudy,Partly cloudy throughout the day.,partly-cloudy-day,"03462099999,03418599999,03379099999,03330099999,03354099999,03535099999,EGNX,03544099999"
Loughborough,2015-06-05,72.4,51.9,60.1,72.4,51.9,60.1,49.2,68.8,0,0,0,,0,0,34.4,19.2,233.3,1014.6,52.4,8.5,271.2,23.3,8,,2015-06-05T04:44:03,2015-06-05T21:23:14,0.6,Partially cloudy,Partly cloudy throughout the day.,partly-cloudy-day,"03462099999,03418599999,03379099999,03330099999,03354099999,03535099999,EGNX,03544099999"
Loughborough,2015-06-06,62.4,46.1,54.8,62.4,40.3,53.2,40,59,0,0,0,,0,0,37,24.4,242.8,1021.8,22.2,9.1,271.5,23.4,7,,2015-06-06T04:43:24,2015-06-06T21:24:13,0.64,Partially cloudy,Partly cloudy throughout the day.,partly-cloudy-day,"03462099999,03379099999,03330099999,03354099999,03535099999,EGNX,03544099999"
Loughborough,2015-06-07,62.5,44.3,54,62.5,40.1,52.5,41.1,63.9,0,0,0,,0,0,24.6,12.8,286.5,1031.5,24.7,9.3,301.8,26.2,8,,2015-06-07T04:42:48,2015-06-07T21:25:08,0.67,Partially cloudy,Clearing in the afternoon.,partly-cloudy-day,"03462099999,03379099999,03330099999,03354099999,03535099999,EGNX,03544099999"
Loughborough,2015-06-08,60,41.8,51,60,37.4,49.4,42.4,73.4,0.004,100,4.17,rain,0,0,21.7,15.6,21.6,1034.9,48.2,8.9,241,20.8,6,,2015-06-08T04:42:16,2015-06-08T21:26:02,0.71,"Rain, Partially cloudy",Partly cloudy throughout the day with afternoon rain.,rain,"03462099999,03418599999,03379099999,03330099999,03354099999,03535099999,EGNX,03544099999"
Loughborough,2015-06-09,58.3,39.5,49.4,58.3,35.6,48,39.7,71.4,0,0,0,,0,0,27.5,14.4,38.3,1035.3,48.6,9.9,187.3,16,5,,2015-06-09T04:41:46,2015-06-09T21:26:52,0.75,Partially cloudy,Partly cloudy throughout the day.,partly-cloudy-day,"03462099999,03379099999,03330099999,03354099999,03535099999,EGNX,03544099999"
Loughborough,2015-06-10,61.7,39.8,50.8,61.7,35.6,49.2,42.3,74.7,0,0,0,,0,0,23.5,15.2,61.9,1031.2,54.6,8.7,281.5,24.2,7,,2015-06-10T04:41:20,2015-06-10T21:27:40,0.78,Partially cloudy,Partly cloudy throughout the day.,partly-cloudy-day,"03462099999,03379099999,03330099999,03354099999,03535099999,EGNX,03544099999"
Loughborough,2015-06-11,71.1,43.4,56.7,71.1,38.9,55.2,46.9,72.9,0,0,0,,0,0,24.2,13.6,68.1,1021.5,42.6,7,328.4,28.3,9,,2015-06-11T04:40:57,2015-06-11T21:28:25,0.82,Partially cloudy,Clearing in the afternoon.,partly-cloudy-day,"03462099999,03418599999,03379099999,03330099999,03354099999,03535099999,EGNX,03544099999"
Loughborough,2015-06-12,69.2,46.6,57,69.2,43.6,56.3,51.6,83.3,0.035,100,4.17,rain,0,0,23.7,11.4,44.8,1011.9,76.7,5.9,267.2,23.1,8,,2015-06-12T04:40:38,2015-06-12T21:29:07,0.85,"Rain, Partially cloudy",Partly cloudy throughout the day with late afternoon rain.,rain,"03462099999,03418599999,03379099999,03330099999,03354099999,03535099999,EGNX,03544099999"
Loughborough,2015-06-13,57.1,53.6,55.5,57.1,53.6,55.5,54.7,97.2,0.954,100,16.67,rain,0,0,16.8,9.9,6.9,1009,86.6,3.4,55.8,4.8,2,,2015-06-13T04:40:21,2015-06-13T21:29:46,0.89,"Rain, Partially cloudy",Partly cloudy throughout the day with a chance of rain throughout the day.,rain,"03462099999,03379099999,03330099999,03354099999,03535099999,EGNX,03544099999"
Loughborough,2015-06-14,57.2,49.7,53.8,57.2,45.8,53.6,49.4,85.6,0.021,100,12.5,rain,0,0,26.6,11.3,343.1,1014.3,82.6,7.3,137,11.8,5,,2015-06-14T04:40:08,2015-06-14T21:30:22,0.92,"Rain, Partially cloudy",Partly cloudy throughout the day with rain.,rain,"03462099999,03379099999,03354099999,03535099999,EGNX,03544099999"
Loughborough,2015-06-15,64,44.3,55,64,43.7,54.4,44.4,69.4,0,0,0,,0,0,17.4,8.4,79.3,1022.7,62.4,9.4,239.1,20.6,8,,2015-06-15T04:39:58,2015-06-15T21:30:55,0.96,Partially cloudy,Partly cloudy throughout the day.,partly-cloudy-day,"03462099999,03379099999,03330099999,03354099999,03535099999,EGNX,03544099999"
Loughborough,2015-06-16,71.2,52.8,61.4,71.2,52.8,61.4,49.1,65.3,0,0,0,,0,0,13.6,9.8,244.9,1024.5,53.3,8.5,243.5,21.3,8,,2015-06-16T04:39:51,2015-06-16T21:31:25,0,Partially cloudy,Partly cloudy throughout the day.,partly-cloudy-day,"03462099999,03379099999,03330099999,03354099999,03535099999,EGNX,03544099999"
Loughborough,2015-06-17,71,53.4,61.8,71,53.4,61.8,55.8,80.9,0.007,100,4.17,rain,0,0,33.3,21.5,254.3,1021.3,75.4,9,158.4,13.8,4,,2015-06-17T04:39:48,2015-06-17T21:31:52,0.03,"Rain, Partially cloudy",Partly cloudy throughout the day with late afternoon rain.,rain,"03462099999,03379099999,03330099999,03354099999,03535099999,EGNX,03544099999"
Loughborough,2015-06-18,62.3,49.8,56.2,62.3,46,56,45.8,69,0.002,100,4.17,rain,0,0,29.3,14,297.8,1021,46,8.7,257.5,22.3,7,,2015-06-18T04:39:48,2015-06-18T21:32:16,0.06,"Rain, Partially cloudy",Partly cloudy throughout the day with early morning rain.,rain,"03462099999,03379099999,03330099999,03354099999,03535099999,EGNX,03544099999"
Loughborough,2015-06-19,62.3,50,54.9,62.3,50,54.9,47.1,75.3,0,0,0,,0,0,26.2,16.6,290.5,1021.8,69.4,8.8,147,12.8,4,,2015-06-19T04:39:51,2015-06-19T21:32:37,0.09,Partially cloudy,Partly cloudy throughout the day.,partly-cloudy-day,"03462099999,03379099999,03330099999,03354099999,03535099999,EGNX,03544099999"
Loughborough,2015-06-20,67.6,53.5,59.2,67.6,53.5,59.2,54.8,85.7,0.087,100,12.5,rain,0,0,17.9,8.5,253.5,1020.1,69.7,7.4,66.9,5.6,2,,2015-06-20T04:39:58,2015-06-20T21:32:54,0.12,"Rain, Partially cloudy",Partly cloudy throughout the day with rain.,rain,"03462099999,03379099999,03330099999,03354099999,03535099999,EGNX,03544099999"
Loughborough,2015-06-21,62.2,55.1,58,62.2,55.1,58,48.6,72,0.024,100,8.33,rain,0,0,32.2,18.9,264.3,1014.8,61.3,9.1,212.2,18.3,5,,2015-06-21T04:40:07,2015-06-21T21:33:08,0.16,"Rain, Partially cloudy",Partly cloudy throughout the day with rain clearing later.,rain,"03462099999,03379099999,03330099999,03354099999,03535099999,EGNX,03544099999"
Loughborough,2015-06-22,60.3,49.7,53.9,60.3,45.2,53.5,47,77.6,0.042,100,8.33,rain,0,0,40.3,18.2,287.1,1010.5,70.3,9,277.8,24,8,,2015-06-22T04:40:20,2015-06-22T21:33:19,0.19,"Rain, Partially cloudy",Partly cloudy throughout the day with rain.,rain,"03462099999,03379099999,03330099999,03354099999,03535099999,EGNX,03544099999"
Loughborough,2015-06-23,65.7,48.5,57.8,65.7,46.1,57.7,47.7,69.8,0.003,100,4.17,rain,0,0,28.9,9.4,352.3,1017.5,74.7,8.7,197.3,16.9,5,,2015-06-23T04:40:36,2015-06-23T21:33:27,0.22,"Rain, Partially cloudy",Partly cloudy throughout the day with early morning rain.,rain,"03462099999,03379099999,03330099999,03354099999,03535099999,EGNX,03544099999"
Loughborough,2015-06-24,71.2,50,60.7,71.2,48.6,60.7,50.1,70.4,0,0,0,,0,0,22.6,13.1,250.6,1019.2,54.6,8.5,269.4,23.2,8,,2015-06-24T04:40:56,2015-06-24T21:33:31,0.25,Partially cloudy,Clearing in the afternoon.,partly-cloudy-day,"03462099999,03379099999,03330099999,03354099999,03535099999,EGNX,03544099999"
Loughborough,2015-06-25,72.8,53.5,63.2,72.8,53.5,63.2,53.6,72.2,0,0,0,,0,0,16.3,8.6,223.3,1020.3,60.2,8.4,142.1,12.1,4,,2015-06-25T04:41:18,2015-06-25T21:33:32,0.29,Partially cloudy,Partly cloudy throughout the day.,partly-cloudy-day,"03462099999,03379099999,03330099999,03354099999,03535099999,EGNX,03544099999"
Loughborough,2015-06-26,67.7,57,62.6,67.7,57,62.6,53.9,73.4,0.004,100,4.17,rain,0,0,26.2,13.4,215.8,1015.6,76.9,9,194.2,16.7,6,,2015-06-26T04:41:43,2015-06-26T21:33:30,0.32,"Rain, Partially cloudy",Partly cloudy throughout the day with late afternoon rain.,rain,"03462099999,03379099999,03354099999,03535099999,EGNX,03544099999"
Loughborough,2015-06-27,71.5,53.2,62.8,71.5,53.2,62.8,50.7,67.1,0.011,100,4.17,rain,0,0,23.9,16.8,252.1,1018,47.5,8.4,244.2,21.1,7,,2015-06-27T04:42:12,2015-06-27T21:33:24,0.35,"Rain, Partially cloudy",Partly cloudy throughout the day with early morning rain.,rain,"03462099999,03379099999,03330099999,03354099999,03535099999,EGNX,03544099999"
Loughborough,2015-06-28,70.7,56.9,61.7,70.7,56.9,61.7,53.4,75.2,0.056,100,8.33,rain,0,0,33.3,21.8,219.1,1017.4,63.1,8.6,113.3,9.8,3,,2015-06-28T04:42:44,2015-06-28T21:33:15,0.38,"Rain, Partially cloudy",Partly cloudy throughout the day with rain in the morning and afternoon.,rain,"03462099999,03379099999,03330099999,03354099999,03535099999,EGNX,03544099999"
Loughborough,2015-06-29,72.8,53.5,63.1,72.8,53.5,63.1,51.7,67.7,0,0,0,,0,0,18.3,10.8,238.9,1020.9,59.8,8.2,244.5,21,7,,2015-06-29T04:43:18,2015-06-29T21:33:02,0.41,Partially cloudy,Partly cloudy throughout the day.,partly-cloudy-day,"03462099999,03379099999,03330099999,03354099999,03535099999,EGNX,03544099999"
Loughborough,2015-06-30,83.8,58.1,71.6,82.2,58.1,71.3,52.2,53.5,0,0,0,,0,0,20.4,11.7,148.2,1018.3,14,8.6,327.1,28.2,9,,2015-06-30T04:43:56,2015-06-30T21:32:47,0.45,Clear,Clear conditions throughout the day.,clear-day,"03462099999,03379099999,03330099999,03354099999,03535099999,EGNX,03544099999"
Loughborough,2015-07-01,91.1,59.5,77.4,92.5,59.5,77.8,59.2,55.8,0,0,0,,0,0,35.1,13.2,131.2,1011.7,31.7,9,301.9,25.9,8,,2015-07-01T04:44:35,2015-07-01T21:32:27,0.48,Partially cloudy,Partly cloudy throughout the day.,partly-cloudy-day,"03462099999,03379099999,03330099999,03354099999,03535099999,EGNX,03544099999"
Loughborough,2015-07-02,74.8,55.2,65.9,74.8,55.2,65.9,58.8,78.6,0.014,100,4.17,rain,0,0,34.4,19.5,245.9,1017.2,39.5,8.1,163.5,14.1,5,,2015-07-02T04:45:18,2015-07-02T21:32:05,0.5,"Rain, Partially cloudy",Partly cloudy throughout the day with late afternoon rain.,rain,"03462099999,03379099999,03354099999,03535099999,EGNX,03544099999"
Loughborough,2015-07-03,75.1,50.5,63.1,75.1,50.5,63.1,51.6,69.6,0.001,100,4.17,rain,0,0,25.3,14.5,92.5,1024.1,32.9,8.5,321,27.8,9,,2015-07-03T04:46:04,2015-07-03T21:31:39,0.55,"Rain, Partially cloudy",Partly cloudy throughout the day with early morning rain.,rain,"03462099999,03418599999,03379099999,03330099999,03354099999,03535099999,EGNX,03544099999"
Loughborough,2015-07-04,76.7,57.4,66.5,76.7,57.4,66.5,56.9,74.5,0.034,100,4.17,rain,0,0,29.8,17.1,223.6,1016.8,63.4,7.6,279.2,24.2,8,,2015-07-04T04:46:52,2015-07-04T21:31:10,0.58,"Rain, Partially cloudy",Partly cloudy throughout the day with morning rain.,rain,"03462099999,03418599999,03379099999,03354099999,03535099999,03377099999,EGNX,03544099999"
Loughborough,2015-07-05,69.7,54.8,60.7,69.7,54.8,60.7,50.4,69.9,0.035,100,4.17,rain,0,0,34.7,15.5,229.9,1017,58.3,9.1,217.1,18.6,7,,2015-07-05T04:47:44,2015-07-05T21:30:38,0.62,"Rain, Partially cloudy",Partly cloudy throughout the day with late afternoon rain.,rain,"03462099999,03418599999,03379099999,03354099999,03535099999,EGNX,03544099999"
Loughborough,2015-07-06,66,51.2,59.6,66,51.2,59.6,51.6,75.7,0.01,100,16.67,rain,0,0,26.4,17.3,205.2,1016.7,44.4,8.3,154.7,13.3,5,,2015-07-06T04:48:37,2015-07-06T21:30:03,0.66,"Rain, Partially cloudy",Becoming cloudy in the afternoon with a chance of rain throughout the day.,rain,"03462099999,03418599999,03379099999,03330099999,03354099999,03535099999,EGNX,03544099999"
Loughborough,2015-07-07,67.7,58.5,62.6,67.7,58.5,62.6,52.3,70.4,0.112,100,12.5,rain,0,0,35.5,22.8,231.7,1007,60.8,9.4,216.6,18.7,8,,2015-07-07T04:49:34,2015-07-07T21:29:25,0.69,"Rain, Partially cloudy",Partly cloudy throughout the day with rain.,rain,"03462099999,03379099999,03330099999,03354099999,03535099999,03377099999,EGNX,03544099999"
Loughborough,2015-07-08,62,53.4,57.8,62,53.4,57.8,50.6,77,0.015,100,8.33,rain,0,0,31.1,20.4,268.9,1009.8,73.2,8.3,149.5,12.9,4,,2015-07-08T04:50:32,2015-07-08T21:28:43,0.75,"Rain, Partially cloudy",Partly cloudy throughout the day with rain.,rain,"03462099999,03379099999,03354099999,03535099999,EGNX,03544099999"
Loughborough,2015-07-09,67.6,46.7,57.9,67.6,41.9,56.9,44.4,63.1,0,0,0,,0,0,22.6,12.3,280.5,1021.8,35.9,9.2,259.3,22.3,7,,2015-07-09T04:51:33,2015-07-09T21:27:59,0.76,Partially cloudy,Partly cloudy throughout the day.,partly-cloudy-day,"03462099999,03418599999,03379099999,03330099999,03354099999,03535099999,EGNX,03544099999"
Loughborough,2015-07-10,78.6,52.9,65.8,78.6,52.9,65.8,50.2,59.6,0,0,0,,0,0,23.5,13.1,188,1018.7,43.5,8.8,299,25.6,8,,2015-07-10T04:52:36,2015-07-10T21:27:11,0.8,Partially cloudy,Partly cloudy throughout the day.,partly-cloudy-day,"03462099999,03418599999,03379099999,03330099999,03354099999,03535099999,EGNX,03544099999"
Loughborough,2015-07-11,71.4,58.9,65,71.4,58.9,65,52,63.4,0.004,100,4.17,rain,0,0,25.5,16.8,246.8,1015.3,54.2,9.7,232.1,19.9,7,,2015-07-11T04:53:42,2015-07-11T21:26:21,0.84,"Rain, Partially cloudy",Partly cloudy throughout the day with morning rain.,rain,"03462099999,03418599999,03379099999,03354099999,03535099999,03377099999,EGNX,03544099999"
Loughborough,2015-07-12,73,57,63.4,73,57,63.4,54.6,75.1,0.113,100,12.5,rain,0,0,31.5,16.7,239,1014.3,60.1,7.6,178.8,15.6,6,,2015-07-12T04:54:49,2015-07-12T21:25:27,0.87,"Rain, Partially cloudy",Partly cloudy throughout the day with a chance of rain throughout the day.,rain,"03462099999,03418599999,03379099999,03354099999,03535099999,03377099999,EGNX,03544099999"
Loughborough,2015-07-13,66.2,56.9,61.3,66.2,56.9,61.3,57,86,0.092,100,8.33,rain,0,0,31.1,16.8,228.7,1013.1,79.3,7.7,63.1,5.5,3,,2015-07-13T04:55:59,2015-07-13T21:24:31,0.91,"Rain, Partially cloudy",Partly cloudy throughout the day with rain in the morning and afternoon.,rain,"03462099999,03379099999,03330099999,03354099999,03535099999,EGNX,03544099999"
Loughborough,2015-07-14,67.7,59.1,63.5,67.7,59.1,63.5,57.8,82.4,0.009,100,8.33,rain,0,0,18.1,14.5,272.1,1016,81.9,7.1,96.1,8.4,3,,2015-07-14T04:57:11,2015-07-14T21:23:31,0.94,"Rain, Partially cloudy",Partly cloudy throughout the day with rain.,rain,"03462099999,03379099999,03354099999,03535099999,EGNX,03544099999"
Loughborough,2015-07-15,67.8,53.7,60.4,67.8,53.7,60.4,49.7,70.5,0.07,100,16.67,rain,0,0,21.9,12.8,302.8,1018.5,58.4,8.1,259,22.4,8,,2015-07-15T04:58:24,2015-07-15T21:22:29,0.98,"Rain, Partially cloudy",Partly cloudy throughout the day with a chance of rain throughout the day.,rain,"03462099999,03379099999,03330099999,03354099999,03535099999,03377099999,EGNX,03544099999"
Loughborough,2015-07-16,73.1,48,60.7,73.1,46.2,60.5,51.4,73.4,0,0,0,,0,0,31.1,15.5,94.4,1017.1,46.2,8.6,171.5,14.8,6,,2015-07-16T04:59:39,2015-07-16T21:21:24,0,Partially cloudy,Partly cloudy throughout the day.,partly-cloudy-day,"03462099999,03418599999,03379099999,03330099999,03354099999,03535099999,EGNX,03544099999"
Loughborough,2015-07-17,69.7,57.2,63.9,69.7,57.2,63.9,52.4,67.4,0.014,100,4.17,rain,0,0,33.7,21.7,225.6,1009.8,56.5,10.1,243.7,21,7,,2015-07-17T05:00:56,2015-07-17T21:20:17,0.05,"Rain, Partially cloudy",Partly cloudy throughout the day with early morning rain.,rain,"03462099999,03418599999,03379099999,03330099999,03354099999,03535099999,03377099999,EGNX,03544099999"
Loughborough,2015-07-18,71.1,51.5,61.5,71.1,51.5,61.5,47.1,61.7,0.001,100,4.17,rain,0,0,30.5,20.5,228.6,1014.3,33.4,9.2,239.1,20.7,6,,2015-07-18T05:02:15,2015-07-18T21:19:06,0.08,"Rain, Partially cloudy",Becoming cloudy in the afternoon with early morning rain.,rain,"03462099999,03418599999,03379099999,03330099999,03354099999,03535099999,EGNX,03544099999"
Loughborough,2015-07-19,67.8,55.2,60.4,67.8,55.2,60.4,49.3,69,0.04,100,8.33,rain,0,0,30.5,17.6,250,1009.5,71.8,9.7,242.8,20.8,8,,2015-07-19T05:03:35,2015-07-19T21:17:53,0.11,"Rain, Partially cloudy",Partly cloudy throughout the day with rain in the morning and afternoon.,rain,"03462099999,03379099999,03330099999,03354099999,03535099999,EGNX,03544099999"
Loughborough,2015-07-20,73.1,52.6,62.3,73.1,52.6,62.3,54.1,75.6,0.014,100,8.33,rain,0,0,41.4,16,196.9,1008.4,67.2,9.1,115.5,9.9,3,,2015-07-20T05:04:57,2015-07-20T21:16:38,0.14,"Rain, Partially cloudy",Partly cloudy throughout the day with rain.,rain,"03462099999,03379099999,03330099999,03354099999,03535099999,EGNX,03544099999"
Loughborough,2015-07-21,71.1,55,63.2,71.1,55,63.2,52.3,69,0.022,100,8.33,rain,0,0,35.9,21.6,228.9,1009.7,43.2,8.7,188.8,16.4,5,,2015-07-21T05:06:21,2015-07-21T21:15:20,0.18,"Rain, Partially cloudy",Partly cloudy throughout the day with rain.,rain,"03462099999,03379099999,03330099999,03354099999,03535099999,EGNX,03544099999"
Loughborough,2015-07-22,65.2,54.1,59.8,65.2,54.1,59.8,52.3,76.6,0.027,100,12.5,rain,0,0,26.2,12.4,256.5,1013.7,60.3,9.1,171.5,14.7,5,,2015-07-22T05:07:45,2015-07-22T21:13:59,0.21,"Rain, Partially cloudy",Partly cloudy throughout the day with rain.,rain,"03462099999,03379099999,03354099999,03535099999,EGNX,03544099999"
Loughborough,2015-07-23,64.6,51.2,58.2,64.6,51.2,58.2,46.8,67.3,0,0,0,,0,0,31.1,13.8,238.5,1016.4,58.5,9.9,197.8,17.3,6,,2015-07-23T05:09:11,2015-07-23T21:12:37,0.24,Partially cloudy,Partly cloudy throughout the day.,partly-cloudy-day,"03462099999,EGBB,03418599999,03379099999,03330099999,03354099999,03535099999,03534099999,03377099999,EGNX,03544099999"
Loughborough,2015-07-24,57.2,51.7,54.5,57.2,51.7,54.5,49.5,83.3,0.148,100,8.33,rain,0,0,22.1,11.3,30.3,1011.9,75.6,7.6,64.9,5.5,2,,2015-07-24T05:10:38,2015-07-24T21:11:11,0.25,"Rain, Partially cloudy",Partly cloudy throughout the day with rain.,rain,"03462099999,03379099999,03330099999,03354099999,03535099999,EGNX,03544099999"
Loughborough,2015-07-25,67.2,50.1,57.8,67.2,50.1,57.8,46.1,67.3,0.086,100,12.5,rain,0,0,30,15.8,307.6,1012.5,54.9,8.6,215.7,18.6,6,,2015-07-25T05:12:07,2015-07-25T21:09:44,0.31,"Rain, Partially cloudy",Partly cloudy throughout the day with rain.,rain,"03462099999,03418599999,03379099999,03330099999,03354099999,03535099999,EGNX,03544099999"
Loughborough,2015-07-26,58.6,49.3,54.2,58.6,47.4,54.1,50,86.2,0.378,100,8.33,rain,0,0,28.9,13.7,151,1005,64.9,6.7,67.6,5.7,3,,2015-07-26T05:13:36,2015-07-26T21:08:14,0.34,"Rain, Partially cloudy",Partly cloudy throughout the day with rain.,rain,"03462099999,03418599999,03379099999,03330099999,03354099999,03535099999,EGNX,03544099999"
Loughborough,2015-07-27,63.7,56.9,59.3,63.7,56.9,59.3,54.3,84.2,0.29,100,12.5,rain,0,0,35.8,21.8,245.8,997.3,80.2,8.5,109.5,9.5,4,,2015-07-27T05:15:07,2015-07-27T21:06:42,0.37,"Rain, Partially cloudy",Partly cloudy throughout the day with a chance of rain throughout the day.,rain,"03462099999,03379099999,03330099999,03354099999,03535099999,EGNX,03544099999"
Loughborough,2015-07-28,60.8,50.3,56.9,60.8,50.3,56.9,50.2,78.8,0.019,100,12.5,rain,0,0,34.4,19.9,258.9,1003.4,72.2,9.8,187.8,16.4,6,,2015-07-28T05:16:38,2015-07-28T21:05:08,0.4,"Rain, Partially cloudy",Partly cloudy throughout the day with rain.,rain,"03462099999,03379099999,03354099999,03535099999,EGNX,03544099999"
Loughborough,2015-07-29,63.1,48,54.8,63.1,43,53.4,46.8,75.9,0.061,100,12.5,rain,0,0,23,14.3,272.8,1010.2,55.1,10.7,204.4,17.5,6,,2015-07-29T05:18:11,2015-07-29T21:03:32,0.44,"Rain, Partially cloudy",Partly cloudy throughout the day with rain.,rain,"03462099999,03379099999,03330099999,03354099999,03535099999,03377099999,EGNX,03544099999"
Loughborough,2015-07-30,63.9,48.5,55.4,63.9,43.4,54.3,45.5,71.2,0.018,100,8.33,rain,0,0,24.4,14.5,283.2,1017.8,62.2,10,225.3,19.5,6,,2015-07-30T05:19:44,2015-07-30T21:01:54,0.47,"Rain, Partially cloudy",Partly cloudy throughout the day with rain.,rain,"03462099999,03418599999,03379099999,03330099999,03354099999,03535099999,03377099999,EGNX,03544099999"
Loughborough,2015-07-31,67.9,43,56.6,67.9,39.1,55.6,42.3,62.3,0.001,100,4.17,rain,0,0,21.9,11.6,232.2,1018.2,37.3,8.9,224.3,19.3,7,,2015-07-31T05:21:18,2015-07-31T21:00:13,0.5,"Rain, Partially cloudy",Partly cloudy throughout the day with early morning rain.,rain,"03462099999,03379099999,03354099999,03535099999,EGNX,03544099999"
Loughborough,2015-08-01,68.9,51.2,58.8,68.9,51.2,58.8,49.9,73.5,0.073,100,4.17,rain,0,0,29.8,18.4,225.8,1014.8,63,9.8,211.6,18.2,6,,2015-08-01T05:22:53,2015-08-01T20:58:31,0.54,"Rain, Partially cloudy",Partly cloudy throughout the day with late afternoon rain.,rain,"03462099999,03379099999,03330099999,03354099999,03535099999,EGNX,03544099999"
Loughborough,2015-08-02,75,52.2,64,75,52.2,64,50.5,64.8,0.009,100,4.17,rain,0,0,28.9,13.9,171,1015.7,55.9,8.8,215.2,18.4,6,,2015-08-02T05:24:28,2015-08-02T20:56:48,0.57,"Rain, Partially cloudy",Clearing in the afternoon with early morning rain.,rain,"03462099999,03418599999,03379099999,03330099999,03354099999,03535099999,03377099999,EGNX,03544099999"
Loughborough,2015-08-03,73.2,60,66.6,73.2,60,66.6,51.9,59.9,0,0,0,,0,0,30.6,19.9,199.3,1008.5,61.1,9.1,133.4,11.7,3,,2015-08-03T05:26:05,2015-08-03T20:55:02,0.61,Partially cloudy,Partly cloudy throughout the day.,partly-cloudy-day,"03462099999,03418599999,03379099999,03330099999,03354099999,03535099999,EGNX,03544099999"
Loughborough,2015-08-04,67.7,54.8,60.8,67.7,54.8,60.8,50.7,69.9,0,0,0,,0,0,31.5,22.1,216.3,1010.2,52.8,8.9,166.3,14.2,4,,2015-08-04T05:27:41,2015-08-04T20:53:14,0.64,Partially cloudy,Partly cloudy throughout the day.,partly-cloudy-day,"03462099999,03379099999,03330099999,03354099999,03535099999,EGNX,03544099999"
Loughborough,2015-08-05,67.7,56.7,61.6,67.7,56.7,61.6,51,68.9,0.004,100,4.17,rain,0,0,28.9,15.2,189.6,1012,61.5,8,152,13.4,4,,2015-08-05T05:29:19,2015-08-05T20:51:25,0.68,"Rain, Partially cloudy",Partly cloudy throughout the day with late afternoon rain.,rain,"03462099999,03379099999,03354099999,03535099999,EGNX,03544099999"
Loughborough,2015-08-06,71.1,58.6,63.6,71.1,58.6,63.6,54.4,72.9,0.025,100,12.5,rain,0,0,31.6,17,228.3,1011.2,67.1,9.1,180,15.6,6,,2015-08-06T05:30:56,2015-08-06T20:49:34,0.71,"Rain, Partially cloudy",Partly cloudy throughout the day with rain.,rain,"03462099999,03379099999,03330099999,03354099999,03535099999,EGNX,03544099999"
Loughborough,2015-08-07,68.1,50.2,59.2,68.1,50.2,59.2,48.5,69.2,0,0,0,,0,0,12.1,7.5,345.7,1018.5,73,9.6,164.5,14.1,6,,2015-08-07T05:32:35,2015-08-07T20:47:42,0.75,Partially cloudy,Partly cloudy throughout the day.,partly-cloudy-day,"03462099999,03379099999,03330099999,03354099999,03535099999,EGNX,03544099999"
Loughborough,2015-08-08,76.6,57,66,76.6,57,66,52,63.1,0.001,100,4.17,rain,0,0,18.3,12.5,204.7,1022.4,58.5,9.2,203.7,17.6,6,,2015-08-08T05:34:13,2015-08-08T20:45:48,0.78,"Rain, Partially cloudy",Partly cloudy throughout the day with morning rain.,rain,"03462099999,03379099999,03330099999,03354099999,03535099999,EGNX,03544099999"
Loughborough,2015-08-09,74.6,54.9,64.3,74.6,54.9,64.3,52,64.9,0,0,0,,0,0,25.3,14,218.7,1019.1,54.2,9.9,132.2,11.4,4,,2015-08-09T05:35:52,2015-08-09T20:43:52,0.82,Partially cloudy,Partly cloudy throughout the day.,partly-cloudy-day,"03462099999,03418599999,03379099999,03330099999,03354099999,03535099999,03377099999,EGNX,03544099999"
Loughborough,2015-08-10,70,57.6,65.4,70,57.6,65.4,57.3,75.9,0.001,100,4.17,rain,0,0,32.2,18.9,218.2,1015.2,56.7,9.5,130.8,11.4,4,,2015-08-10T05:37:32,2015-08-10T20:41:55,0.85,"Rain, Partially cloudy",Partly cloudy throughout the day with morning rain.,rain,"03462099999,03379099999,03354099999,03535099999,EGNX,03544099999"
Loughborough,2015-08-11,69.5,49.9,59.4,69.5,47.3,59.3,48.8,69.8,0,0,0,,0,0,12.8,11.2,274.9,1020.1,48.7,9.1,168.3,14.4,5,,2015-08-11T05:39:11,2015-08-11T20:39:57,0.89,Partially cloudy,Clearing in the afternoon.,partly-cloudy-day,"03462099999,03379099999,03354099999,03535099999,EGNX,03544099999"
Loughborough,2015-08-12,73.2,49,61.9,73.2,48.6,61.9,49,65.6,0,0,0,,0,0,26.4,13,67.4,1024.2,39.6,8.7,247.9,21.3,7,,2015-08-12T05:40:51,2015-08-12T20:37:57,0.92,Partially cloudy,Partly cloudy throughout the day.,partly-cloudy-day,"03462099999,03418599999,03379099999,03330099999,03354099999,03535099999,03377099999,EGNX,03544099999"
Loughborough,2015-08-13,65.9,53.7,60.2,65.9,53.7,60.2,55.3,84.2,0,0,0,,0,0,31.1,15.4,44.5,1017.6,82.8,8.2,124.3,10.6,5,,2015-08-13T05:42:31,2015-08-13T20:35:56,0.96,Partially cloudy,Partly cloudy throughout the day.,partly-cloudy-day,"03462099999,EGBB,03418599999,03379099999,03330099999,03354099999,03535099999,03534099999,03377099999,EGNX,03544099999"
Loughborough,2015-08-14,60.6,57.2,59.1,60.6,57.2,59.1,58.3,97.4,0.408,100,8.33,rain,0,0,23.7,11.3,327.7,1006.3,88.4,4.4,27.7,2.4,1,,2015-08-14T05:44:12,2015-08-14T20:33:54,0,"Rain, Partially cloudy",Partly cloudy throughout the day with rain.,rain,"03462099999,03379099999,03330099999,03354099999,03535099999,EGNX,03544099999"
Loughborough,2015-08-15,63.8,52.1,57.8,63.8,52.1,57.8,48.2,72.1,0.017,100,4.17,rain,0,0,22.4,12.7,280.3,1011.8,61.1,8.3,183,15.9,6,,2015-08-15T05:45:52,2015-08-15T20:31:50,0.03,"Rain, Partially cloudy",Partly cloudy throughout the day with early morning rain.,rain,"03462099999,03418599999,03379099999,03330099999,03354099999,03535099999,EGNX,03544099999"
Loughborough,2015-08-16,66,45.3,57.1,66,41.7,56.7,45,66.5,0,0,0,,0,0,7.8,6.8,302.8,1017.7,72.6,8.8,171.2,14.8,6,,2015-08-16T05:47:33,2015-08-16T20:29:45,0.06,Partially cloudy,Partly cloudy throughout the day.,partly-cloudy-day,"03462099999,03379099999,03330099999,03354099999,03535099999,EGNX,03544099999"
Loughborough,2015-08-17,67.7,52.9,60,67.7,52.9,60,48.4,66.9,0,0,0,,0,0,17.2,7,312.5,1018.2,74.6,8.7,162.2,14,6,,2015-08-17T05:49:14,2015-08-17T20:27:39,0.09,Partially cloudy,Partly cloudy throughout the day.,partly-cloudy-day,"03462099999,03379099999,03330099999,03354099999,03535099999,EGNX,03544099999"
Loughborough,2015-08-18,64.2,51.9,58.6,64.2,51.9,58.6,50.8,76.1,0.058,100,8.33,rain,0,0,26.2,14.6,275.2,1013.5,56.5,8.2,93.7,8,3,,2015-08-18T05:50:55,2015-08-18T20:25:32,0.13,"Rain, Partially cloudy",Partly cloudy throughout the day with rain in the morning and afternoon.,rain,"03462099999,03379099999,03354099999,03535099999,EGNX,03544099999"
Loughborough,2015-08-19,67.7,55,60.6,67.7,55,60.6,53.4,78.3,0.042,100,12.5,rain,0,0,26.2,17,204.6,1015.1,63.2,8.4,148.1,12.9,5,,2015-08-19T05:52:36,2015-08-19T20:23:24,0.16,"Rain, Partially cloudy",Partly cloudy throughout the day with rain.,rain,"03462099999,03418599999,03379099999,03330099999,03354099999,03535099999,EGNX,03544099999"
Loughborough,2015-08-20,69.6,58.7,64.1,69.6,58.7,64.1,58.6,83.3,0.09,100,4.17,rain,0,0,22.1,13.5,190.8,1017.7,81,8.3,124.6,10.8,4,,2015-08-20T05:54:17,2015-08-20T20:21:15,0.19,"Rain, Partially cloudy",Partly cloudy throughout the day with early morning rain.,rain,"03462099999,03379099999,03330099999,03354099999,03535099999,EGNX,03544099999"
Loughborough,2015-08-21,71.5,64,67,71.5,64,67,60.5,80,0.002,100,8.33,rain,0,0,32.2,17.2,188.9,1017.5,77.5,10.1,80.4,6.9,2,,2015-08-21T05:55:58,2015-08-21T20:19:05,0.23,"Rain, Partially cloudy",Partly cloudy throughout the day with rain clearing later.,rain,"03462099999,03379099999,03330099999,03354099999,03535099999,EGNX,03544099999"
Loughborough,2015-08-22,82.2,62.1,70.3,82.7,62.1,70.4,60,72,0.104,100,16.67,rain,0,0,29.8,14.1,158.9,1013.8,56.1,8.7,199.7,17.3,7,,2015-08-22T05:57:39,2015-08-22T20:16:54,0.25,"Rain, Partially cloudy",Partly cloudy throughout the day with a chance of rain throughout the day.,rain,"03462099999,03379099999,03330099999,03354099999,03535099999,EGNX,03544099999"
Loughborough,2015-08-23,76.5,56.9,65.8,76.5,56.9,65.8,55.3,70.6,0.138,100,12.5,rain,0,0,34.4,21,131,1002.5,55.9,8.4,166.9,14.3,7,,2015-08-23T05:59:21,2015-08-23T20:14:42,0.29,"Rain, Partially cloudy",Partly cloudy throughout the day with rain.,rain,"03462099999,03379099999,03330099999,03354099999,03535099999,EGNX,03544099999"
Loughborough,2015-08-24,65.3,51.6,57.8,65.3,51.6,57.8,53.3,85.7,0.1,100,8.33,rain,0,0,19.9,12.3,317,1000.8,57.5,6.9,121.7,10.5,5,,2015-08-24T06:01:02,2015-08-24T20:12:29,0.32,"Rain, Partially cloudy",Partly cloudy throughout the day with rain.,rain,"03462099999,03379099999,03354099999,03535099999,EGNX,03544099999"
Loughborough,2015-08-25,62.4,51.4,57.1,62.4,51.4,57.1,51.8,83.4,0.111,100,12.5,rain,0,0,31.1,17,211.3,1005.4,61.4,8.5,120.2,10.4,6,,2015-08-25T06:02:43,2015-08-25T20:10:15,0.36,"Rain, Partially cloudy",Becoming cloudy in the afternoon with rain.,rain,"03462099999,03379099999,03330099999,03354099999,03535099999,EGNX,03544099999"
Loughborough,2015-08-26,69.4,57.1,62.2,69.4,57.1,62.2,53.8,75.6,0.257,100,12.5,rain,0,0,40,18.8,203.4,1001,61.9,8.8,145.4,12.6,5,,2015-08-26T06:04:24,2015-08-26T20:08:01,0.39,"Rain, Partially cloudy",Partly cloudy throughout the day with a chance of rain throughout the day.,rain,"03462099999,03418599999,03379099999,03330099999,03354099999,03535099999,03377099999,EGNX,03544099999"
Loughborough,2015-08-27,65.4,54.7,59,65.4,54.7,59,50.1,73.3,0.062,100,8.33,rain,0,0,30,19.1,222.7,1004.5,49,10,191.7,16.7,6,,2015-08-27T06:06:06,2015-08-27T20:05:45,0.42,"Rain, Partially cloudy",Partly cloudy throughout the day with rain.,rain,"03462099999,03379099999,03330099999,03354099999,03535099999,EGNX,03544099999"
Loughborough,2015-08-28,67.4,51.2,58.6,67.4,51.2,58.6,48.3,70.2,0.008,100,12.5,rain,0,0,32.2,18.5,224.7,1013.8,33.5,10.3,194.4,16.7,6,,2015-08-28T06:07:47,2015-08-28T20:03:29,0.46,"Rain, Partially cloudy",Becoming cloudy in the afternoon with rain.,rain,"03462099999,03379099999,03330099999,03354099999,03535099999,03377099999,EGNX,03544099999"
Loughborough,2015-08-29,69.5,53.4,61.2,69.5,53.4,61.2,49.6,67.9,0,0,0,,0,0,28.9,14.8,216.4,1018.7,57.8,9.6,168,14.7,5,,2015-08-29T06:09:28,2015-08-29T20:01:13,0.5,Partially cloudy,Partly cloudy throughout the day.,partly-cloudy-day,"03462099999,03418599999,03379099999,03330099999,03354099999,03535099999,EGNX,03544099999"
Loughborough,2015-08-30,64.2,53.7,59,64.2,53.7,59,52.8,80.4,0.054,100,4.17,rain,0,0,11.9,5.6,0.3,1018.8,75.7,8.6,88.2,7.6,3,,2015-08-30T06:11:09,2015-08-30T19:58:55,0.52,"Rain, Partially cloudy",Partly cloudy throughout the day with late afternoon rain.,rain,"03462099999,03418599999,03379099999,03330099999,03354099999,03535099999,03377099999,EGNX,03544099999"
Loughborough,2015-08-31,58.6,55.2,56.3,58.6,55.2,56.3,55.1,95.6,0.354,100,16.67,rain,0,0,23.3,9.9,356.2,1015.7,80.5,5.3,38.1,3.3,2,,2015-08-31T06:12:51,2015-08-31T19:56:37,0.56,"Rain, Partially cloudy",Partly cloudy throughout the day with a chance of rain throughout the day.,rain,"03462099999,03418599999,03379099999,03330099999,03354099999,03535099999,EGNX,03544099999"
Loughborough,2015-09-01,61.6,51.9,56.2,61.6,51.9,56.2,50.7,83.2,0.209,100,16.67,rain,0,0,19.7,8.9,310.4,1018,72.3,7.4,163.8,14,6,,2015-09-01T06:14:32,2015-09-01T19:54:19,0.59,"Rain, Partially cloudy",Partly cloudy throughout the day with a chance of rain throughout the day.,rain,"03462099999,03379099999,03354099999,03535099999,EGNX,03544099999"
Loughborough,2015-09-02,61.7,48.2,54,61.7,43.9,53.3,49,83.8,0.112,100,8.33,rain,0,0,19.9,11.4,270.8,1017.7,61.7,8.2,175.3,15.2,6,,2015-09-02T06:16:13,2015-09-02T19:52:00,0.63,"Rain, Partially cloudy",Partly cloudy throughout the day with rain.,rain,"03462099999,03379099999,03330099999,03354099999,03535099999,EGNX,03544099999"
Loughborough,2015-09-03,57.2,49.8,53.3,57.2,45.7,52.3,45.9,77.2,0.006,100,12.5,rain,0,0,21.7,10.5,284.3,1015.6,72.4,9.9,138.5,11.9,5,,2015-09-03T06:17:54,2015-09-03T19:49:40,0.66,"Rain, Partially cloudy",Partly cloudy throughout the day with rain.,rain,"03462099999,EGBB,03418599999,03379099999,03330099999,03354099999,03535099999,03534099999,03377099999,EGNX,03544099999,EGXT"
Loughborough,2015-09-04,60.1,48.7,54.4,60.1,44.8,54.2,46.4,75.5,0.009,100,4.17,rain,0,0,23,11.1,296.2,1017.5,74.2,9.9,127.4,11,5,,2015-09-04T06:19:35,2015-09-04T19:47:20,0.7,"Rain, Partially cloudy",Partly cloudy throughout the day with morning rain.,rain,"03462099999,EGBB,03418599999,03379099999,03330099999,03354099999,03535099999,03534099999,03377099999,EGNX,03544099999,EGXT"
Loughborough,2015-09-05,60.2,47.7,53.7,60.2,46.8,53.6,45.2,74.8,0.021,100,8.33,rain,0,0,23.3,13.7,339.3,1022,65.3,8.3,106,9,5,,2015-09-05T06:21:16,2015-09-05T19:44:59,0.75,"Rain, Partially cloudy",Partly cloudy throughout the day with rain in the morning and afternoon.,rain,"03462099999,EGBB,03418599999,03379099999,03354099999,03535099999,03534099999,03377099999,EGNX,EGXT,03544099999"
Loughborough,2015-09-06,64.3,43.1,52.8,64.3,37.6,51.4,45.5,77.9,0,0,0,,0,0,21,13.2,277.4,1028.2,47.4,8.4,175,15.2,5,,2015-09-06T06:22:57,2015-09-06T19:42:38,0.76,Partially cloudy,Partly cloudy throughout the day.,partly-cloudy-day,"03462099999,03379099999,03330099999,03354099999,03535099999,EGNX,03544099999"
Loughborough,2015-09-07,62.2,45.1,54.4,62.2,41.6,53.5,48,79.8,0,0,0,,0,0,18.3,9.5,347.4,1031.1,45.8,8.1,160.6,13.9,5,,2015-09-07T06:24:39,2015-09-07T19:40:17,0.8,Partially cloudy,Partly cloudy throughout the day.,partly-cloudy-day,"03462099999,03379099999,03354099999,03535099999,EGNX,03544099999"
Loughborough,2015-09-08,55.5,46,51.8,55.5,45.5,51.5,48.1,87.8,0,0,0,,0,0,15.9,7.7,68,1029.5,80.5,6.1,89.3,7.7,3,,2015-09-08T06:26:20,2015-09-08T19:37:55,0.83,Partially cloudy,Partly cloudy throughout the day.,partly-cloudy-day,"03462099999,03379099999,03354099999,03535099999,EGNX,03544099999"
Loughborough,2015-09-09,64.1,49.9,55.7,64.1,47.3,55.3,49.8,81.5,0,0,0,,0,0,21.7,12.8,73.4,1024.3,78.1,8.9,105.2,9,4,,2015-09-09T06:28:01,2015-09-09T19:35:33,0.87,Partially cloudy,Partly cloudy throughout the day.,partly-cloudy-day,"03462099999,03379099999,03330099999,03354099999,03535099999,EGNX,03544099999"
Loughborough,2015-09-10,69.7,48.4,57.7,69.7,45.1,57.1,49.4,77.7,0.001,100,4.17,rain,0,0,24.6,14.7,85.4,1022,37.4,6.4,166.8,14.3,6,,2015-09-10T06:29:42,2015-09-10T19:33:11,0.9,"Rain, Partially cloudy",Clearing in the afternoon with early morning rain.,rain,"03462099999,03418599999,03379099999,03330099999,03354099999,03535099999,EGNX,03544099999"
Loughborough,2015-09-11,69.6,47.1,58.4,69.6,43.9,58.1,48.4,72.9,0.001,100,4.17,rain,0,0,28.9,17.5,110.5,1015.6,37.6,6.9,167.9,14.5,5,,2015-09-11T06:31:23,2015-09-11T19:30:48,0.94,"Rain, Partially cloudy",Partly cloudy throughout the day with morning rain.,rain,"03462099999,03379099999,03330099999,03354099999,03535099999,EGNX,03544099999"
Loughborough,2015-09-12,65.7,51,57.9,65.7,51,57.9,52.1,82,0.236,100,16.67,rain,0,0,31.6,18,186.8,1006.4,65.4,7,132.8,11.4,5,,2015-09-12T06:33:04,2015-09-12T19:28:25,0.97,"Rain, Partially cloudy",Partly cloudy throughout the day with a chance of rain throughout the day.,rain,"03462099999,03379099999,03354099999,03535099999,EGNX,03544099999"
Loughborough,2015-09-13,62.6,46.7,54.8,62.6,44.3,54.1,46.6,75.2,0.001,100,4.17,rain,0,0,18.3,8.6,135,1005.9,55.7,8.9,135.1,11.6,5,,2015-09-13T06:34:45,2015-09-13T19:26:02,0,"Rain, Partially cloudy",Partly cloudy throughout the day with morning rain.,rain,"03462099999,03418599999,03379099999,03330099999,03354099999,03535099999,03377099999,EGNX,03544099999"
Loughborough,2015-09-14,57.1,46.5,51.1,57.1,43,50,49.5,94.3,0.301,100,12.5,rain,0,0,31.1,13.7,75.4,994,85.5,5.7,52.5,4.4,2,,2015-09-14T06:36:26,2015-09-14T19:23:38,0.04,"Rain, Partially cloudy",Partly cloudy throughout the day with rain.,rain,"03462099999,03418599999,03379099999,03330099999,03354099999,03535099999,EGNX,03544099999"
Loughborough,2015-09-15,62.3,48.2,54.3,62.3,44,52.9,49,83.4,0.063,100,12.5,rain,0,0,26.6,15.8,239.6,993.6,68.9,8,105.1,9,4,,2015-09-15T06:38:07,2015-09-15T19:21:15,0.07,"Rain, Partially cloudy",Partly cloudy throughout the day with a chance of rain throughout the day.,rain,"03462099999,03379099999,03354099999,03535099999,EGNX,03544099999"
Loughborough,2015-09-16,59,48.6,53.4,59,46.9,53.3,48.7,84.4,0.036,100,12.5,rain,0,0,25.1,14.3,21.4,991.3,67.7,7.7,106.5,9.2,5,,2015-09-16T06:39:49,2015-09-16T19:18:51,0.11,"Rain, Partially cloudy",Partly cloudy throughout the day with rain.,rain,"03462099999,03379099999,03330099999,03354099999,03535099999,EGNX,03544099999"
Loughborough,2015-09-17,62,44.6,53.5,62,39.6,51.9,46.1,77.5,0.018,100,4.17,rain,0,0,24.2,14,259.9,997.9,54.4,9.4,122.1,10.3,4,,2015-09-17T06:41:30,2015-09-17T19:16:27,0.14,"Rain, Partially cloudy",Partly cloudy throughout the day with early morning rain.,rain,"03462099999,03379099999,03330099999,03354099999,03535099999,EGNX,03544099999"
Loughborough,2015-09-18,63.9,51.7,55.1,63.9,51.7,55.1,51.5,88.3,0.037,100,8.33,rain,0,0,14.5,8.7,278,1010.8,62.2,6.8,138.8,11.9,5,,2015-09-18T06:43:11,2015-09-18T19:14:03,0.17,"Rain, Partially cloudy",Partly cloudy throughout the day with rain.,rain,"03462099999,03418599999,03379099999,03330099999,03354099999,03535099999,03377099999,EGNX,03544099999"
Loughborough,2015-09-19,65.8,45.3,55.5,65.8,42.5,55,49.5,82,0,0,0,,0,0,12.8,6.2,271.5,1024.4,40.5,6.9,147,12.8,6,,2015-09-19T06:44:53,2015-09-19T19:11:39,0.21,Partially cloudy,Partly cloudy throughout the day.,partly-cloudy-day,"03462099999,03379099999,03330099999,03354099999,03535099999,03377099999,EGNX,03544099999,03373099999"
Loughborough,2015-09-20,62.4,48.1,55.6,62.4,45.5,55.3,49.4,80.7,0.002,100,4.17,rain,0,0,20.6,11.9,235.5,1023.9,51.9,7.2,110.8,9.6,4,,2015-09-20T06:46:34,2015-09-20T19:09:15,0.24,"Rain, Partially cloudy",Partly cloudy throughout the day with afternoon rain.,rain,"03462099999,03379099999,03330099999,03354099999,03535099999,EGNX,03544099999"
Loughborough,2015-09-21,58.9,50,54.6,58.9,50,54.6,51.6,89.8,0.129,100,12.5,rain,0,0,23.3,14.2,218.2,1010.7,70.6,6.8,37.2,3,1,,2015-09-21T06:48:16,2015-09-21T19:06:52,0.25,"Rain, Partially cloudy",Partly cloudy throughout the day with rain.,rain,"03462099999,03379099999,03354099999,03535099999,EGNX,03544099999"
Loughborough,2015-09-22,61.2,47.9,52.5,61.2,44.2,51.8,47.8,84.8,0.107,100,16.67,rain,0,0,22.6,12.7,290.3,1002.2,62.9,8.1,112.1,9.7,5,,2015-09-22T06:49:58,2015-09-22T19:04:28,0.31,"Rain, Partially cloudy",Partly cloudy throughout the day with a chance of rain throughout the day.,rain,"03462099999,03379099999,03354099999,03535099999,EGNX,03544099999"
Loughborough,2015-09-23,60.6,48.1,54.6,60.6,43.1,53.8,48.9,81.7,0,0,0,,0,0,25.7,16,248.8,1009.7,56.3,8.9,131.3,11.3,5,,2015-09-23T06:51:40,2015-09-23T19:02:04,0.34,Partially cloudy,Becoming cloudy in the afternoon.,partly-cloudy-day,"03462099999,03379099999,03330099999,03354099999,03535099999,EGNX,03544099999"
Loughborough,2015-09-24,62.1,51.6,56.5,62.1,51.6,56.5,46.6,71.1,0.093,100,12.5,rain,0,0,30.5,20.5,240.8,1011.7,46.1,9,153.4,13.1,5,,2015-09-24T06:53:22,2015-09-24T18:59:40,0.38,"Rain, Partially cloudy",Becoming cloudy in the afternoon with a chance of rain throughout the day.,rain,"03462099999,03379099999,03354099999,03535099999,EGNX,03544099999"
Loughborough,2015-09-25,60.6,46.6,53.1,60.6,43,52,44.2,73.2,0,0,0,,0,0,21.7,14.4,261.5,1021.8,45.2,8.6,121.2,10.5,5,,2015-09-25T06:55:04,2015-09-25T18:57:16,0.41,Partially cloudy,Partly cloudy throughout the day.,partly-cloudy-day,"03462099999,03379099999,03330099999,03354099999,03535099999,EGNX,03544099999"
Loughborough,2015-09-26,62.5,40.8,51.8,62.5,39.8,51.3,43.2,74.8,0,0,0,,0,0,11.4,9.3,106.6,1029.3,15.1,8.4,146.4,12.8,6,,2015-09-26T06:56:47,2015-09-26T18:54:53,0.44,Clear,Clear conditions throughout the day.,clear-day,"03462099999,03379099999,03330099999,03354099999,03535099999,EGNX,03544099999"
Loughborough,2015-09-27,63.8,42.6,50.9,63.8,40.5,50.2,46.2,85.6,0.001,100,4.17,rain,0,0,14.5,7.8,72,1034.8,54.4,6,123.1,10.7,4,,2015-09-27T06:58:29,2015-09-27T18:52:29,0.48,"Rain, Partially cloudy",Clearing in the afternoon with morning rain.,rain,"03462099999,03418599999,03379099999,03330099999,03354099999,03535099999,03377099999,EGNX,03544099999"
Loughborough,2015-09-28,64.5,41.4,52.8,64.5,39.6,52.2,47.7,84.7,0.001,100,4.17,rain,0,0,17.2,11.1,103.3,1037.5,43.7,6.9,122.4,10.9,4,,2015-09-28T07:00:12,2015-09-28T18:50:06,0.5,"Rain, Partially cloudy",Partly cloudy throughout the day with morning rain.,rain,"03462099999,03379099999,03330099999,03354099999,03535099999,EGNX,03544099999"
Loughborough,2015-09-29,62.6,46.4,52.6,62.6,45.1,52,48.4,86.8,0.005,100,8.33,rain,0,0,21,13,66,1037,56,6,131.1,11.5,4,,2015-09-29T07:01:55,2015-09-29T18:47:43,0.54,"Rain, Partially cloudy",Partly cloudy throughout the day with rain in the morning and afternoon.,rain,"03462099999,03379099999,03330099999,03354099999,03535099999,EGNX,03544099999"
Loughborough,2015-09-30,64.1,48.3,54.6,64.1,44.8,53.2,48.7,82.8,0.001,100,4.17,rain,0,0,26.2,14.5,58,1035.4,47.7,6.6,138.9,12.1,5,,2015-09-30T07:03:38,2015-09-30T18:45:21,0.58,"Rain, Partially cloudy",Clearing in the afternoon with morning rain.,rain,"03462099999,03379099999,03330099999,03354099999,03535099999,EGNX,03544099999"
Loughborough,2015-10-01,62.5,48.1,53,62.5,45.1,51.7,49.5,89.1,0.003,100,8.33,rain,0,0,21.9,10,44.6,1033.5,48.9,5,128.4,11.2,5,,2015-10-01T07:05:22,2015-10-01T18:42:58,0.61,"Rain, Partially cloudy",Partly cloudy throughout the day with rain clearing later.,rain,"03462099999,03418599999,03379099999,03354099999,03535099999,03377099999,EGNX,03544099999"
Loughborough,2015-10-02,62.5,43.2,51.8,62.5,41.3,51,46.8,84.7,0.001,100,4.17,rain,0,0,12.1,5.8,49.6,1026.4,45.5,6,113.9,9.9,4,,2015-10-02T07:07:05,2015-10-02T18:40:37,0.65,"Rain, Partially cloudy",Clearing in the afternoon with morning rain.,rain,"03462099999,03379099999,03330099999,03354099999,03535099999,EGNX,03544099999"
Loughborough,2015-10-03,55.4,46.1,50.4,55.4,45.1,50,45.4,83.7,0.003,100,8.33,rain,0,0,8.9,7.4,309.5,1016.5,80.7,5.9,56.1,4.7,2,,2015-10-03T07:08:49,2015-10-03T18:38:15,0.68,"Rain, Partially cloudy",Partly cloudy throughout the day with rain in the morning and afternoon.,rain,"03462099999,03379099999,03330099999,03354099999,03535099999,EGNX,03544099999"
Loughborough,2015-10-04,60.6,44.7,51.2,60.6,42.7,50.4,43.7,76.8,0,0,0,,0,0,15.7,6.7,175.6,1013.7,66.5,5.6,125,10.6,5,,2015-10-04T07:10:33,2015-10-04T18:35:54,0.75,Partially cloudy,Partly cloudy throughout the day.,partly-cloudy-day,"03462099999,03418599999,03379099999,03354099999,03535099999,03377099999,EGNX,03544099999"
Loughborough,2015-10-05,65.4,46.9,56.7,65.4,42.3,55.9,54.7,93.3,0.079,100,12.5,rain,0,0,38,16.1,130.9,1003.5,79.4,5,39.4,3.4,2,,2015-10-05T07:12:18,2015-10-05T18:33:33,0.75,"Rain, Partially cloudy",Partly cloudy throughout the day with rain.,rain,"03462099999,03379099999,03330099999,03354099999,03535099999,EGNX,03544099999"
Loughborough,2015-10-06,64.2,55.2,59.4,64.2,55.2,59.4,57.8,94.8,0.67,100,16.67,rain,0,0,23,11.8,129.7,996.9,78.5,5.8,70.3,6,3,,2015-10-06T07:14:02,2015-10-06T18:31:12,0.78,"Rain, Partially cloudy",Partly cloudy throughout the day with a chance of rain throughout the day.,rain,"03462099999,03379099999,03354099999,03535099999,EGNX,03544099999"
Loughborough,2015-10-07,56.8,47.8,53.9,56.8,42.5,53.2,50.1,87.8,0.168,100,12.5,rain,0,0,34.4,20.8,273.3,1006.9,63.7,6.7,46.7,4.1,2,,2015-10-07T07:15:47,2015-10-07T18:28:53,0.81,"Rain, Partially cloudy",Partly cloudy throughout the day with a chance of rain throughout the day.,rain,"03462099999,03379099999,03354099999,03535099999,EGNX,03544099999"
Loughborough,2015-10-08,58.8,42.9,51.1,58.8,37.5,49,45.5,81.8,0,0,0,,0,0,14.8,11.3,246.5,1020.2,53.5,9.5,104,8.9,4,,2015-10-08T07:17:32,2015-10-08T18:26:33,0.85,Partially cloudy,Partly cloudy throughout the day.,partly-cloudy-day,"03462099999,03418599999,03379099999,03330099999,03354099999,03535099999,EGNX,03544099999"
Loughborough,2015-10-09,60.9,44.5,53.1,60.9,43.3,52.8,46.1,77.9,0,0,0,,0,0,10.7,5.9,169.6,1023,58.9,7.7,112.3,9.5,5,,2015-10-09T07:19:18,2015-10-09T18:24:14,0.88,Partially cloudy,Partly cloudy throughout the day.,partly-cloudy-day,"03462099999,03379099999,03354099999,03535099999,EGNX,03544099999"
Loughborough,2015-10-10,57,42.9,50.1,57,40.2,49.2,47.6,91.5,0.002,100,8.33,rain,0,0,20.8,10.1,56.7,1022,61.5,6.2,68.2,5.8,3,,2015-10-10T07:21:04,2015-10-10T18:21:56,0.91,"Rain, Partially cloudy",Partly cloudy throughout the day with rain in the morning and afternoon.,rain,"03462099999,03379099999,03330099999,03354099999,03535099999,EGNX,03544099999"
Loughborough,2015-10-11,57,45.9,51.5,57,43.2,50.3,45.7,81.6,0,0,0,,0,0,21.7,12.1,55.4,1019.3,63.3,7.1,101.9,8.9,4,,2015-10-11T07:22:50,2015-10-11T18:19:39,0.95,Partially cloudy,Partly cloudy throughout the day.,partly-cloudy-day,"03462099999,03379099999,03330099999,03354099999,03535099999,EGNX,03544099999"
Loughborough,2015-10-12,56.8,39.4,47.2,56.8,35.4,45.1,41.6,81.8,0.002,100,4.17,rain,0,0,21,10.3,336.3,1021,48.8,7.4,109.1,9.6,4,,2015-10-12T07:24:36,2015-10-12T18:17:22,0.98,"Rain, Partially cloudy",Partly cloudy throughout the day with late afternoon rain.,rain,"03462099999,03379099999,03330099999,03354099999,03535099999,EGNX,03544099999"
Loughborough,2015-10-13,53.4,43,47.8,53.4,37.7,44.8,42.8,83.4,0.003,100,4.17,rain,0,0,28.2,12.3,1.6,1025.3,64.8,8.7,84.4,7.2,3,,2015-10-13T07:26:23,2015-10-13T18:15:06,0,"Rain, Partially cloudy",Partly cloudy throughout the day with morning rain.,rain,"03462099999,03379099999,03330099999,03354099999,03535099999,EGNX,03544099999"
Loughborough,2015-10-14,54.5,41.2,47.5,54.5,37.1,44.9,42.2,82.4,0.002,100,4.17,rain,0,0,31.1,15,0.9,1025.7,53.1,8.5,81.1,6.8,4,,2015-10-14T07:28:10,2015-10-14T18:12:50,0.05,"Rain, Partially cloudy",Partly cloudy throughout the day with afternoon rain.,rain,"03462099999,03379099999,03330099999,03354099999,03535099999,EGNX,03544099999"
Loughborough,2015-10-15,53.5,46.1,49.5,53.5,41.8,47.2,45.6,86.8,0.006,100,8.33,rain,0,0,23,11.9,4.1,1023.3,61.6,7.1,73.5,6.4,3,,2015-10-15T07:29:57,2015-10-15T18:10:35,0.08,"Rain, Partially cloudy",Partly cloudy throughout the day with rain.,rain,"03462099999,03418599999,03379099999,03330099999,03354099999,03535099999,03377099999,EGNX,03544099999"
Loughborough,2015-10-16,53.4,48.3,50.7,53.4,44.7,48.5,46.4,85.2,0,0,0,,0,0,31.3,13.3,4.6,1024.2,79.4,6.8,40,3.5,2,,2015-10-16T07:31:45,2015-10-16T18:08:21,0.12,Partially cloudy,Partly cloudy throughout the day.,partly-cloudy-day,"03462099999,03379099999,03330099999,03354099999,03535099999,EGNX,03544099999"
Loughborough,2015-10-17,55,45.2,50.2,55,41.4,47.8,44.3,80.7,0,0,0,,0,0,28.9,13.8,7.6,1022.4,83.6,8.1,54.9,4.8,2,,2015-10-17T07:33:33,2015-10-17T18:06:08,0.15,Partially cloudy,Partly cloudy throughout the day.,partly-cloudy-day,"03462099999,03379099999,03330099999,03354099999,03535099999,EGNX,03544099999"
Loughborough,2015-10-18,55.2,49.8,51.7,55.2,46.1,50.4,48.7,89.8,0.008,100,12.5,rain,0,0,19.2,9.5,10.9,1022.3,86,6.9,39.6,3.4,2,,2015-10-18T07:35:21,2015-10-18T18:03:56,0.19,"Rain, Partially cloudy",Partly cloudy throughout the day with rain.,rain,"03462099999,03379099999,03330099999,03354099999,03535099999,EGNX,03544099999"
Loughborough,2015-10-19,58.2,47.1,51,58.2,44.6,49.9,46.3,84.6,0.005,100,8.33,rain,0,0,17.9,7.7,359.4,1025.8,73.2,7.7,61.3,5.3,3,,2015-10-19T07:37:10,2015-10-19T18:01:45,0.22,"Rain, Partially cloudy",Partly cloudy throughout the day with rain in the morning and afternoon.,rain,"03462099999,03379099999,03330099999,03354099999,03535099999,03377099999,EGNX,03544099999"
Loughborough,2015-10-20,56.9,43.5,49.6,56.9,39.1,47.8,44.8,84.1,0,0,0,,0,0,19.7,11.4,267.5,1026.4,57.6,7,79,6.8,3,,2015-10-20T07:38:59,2015-10-20T17:59:35,0.25,Partially cloudy,Partly cloudy throughout the day.,partly-cloudy-day,"03462099999,03379099999,03330099999,03354099999,03535099999,EGNX,03544099999"
Loughborough,2015-10-21,59.2,47.8,54.2,59.2,42.8,52.3,51.8,91.6,0.314,100,8.33,rain,0,0,25.7,17.6,239.7,1015.6,83.2,7.5,17.1,1.5,1,,2015-10-21T07:40:48,2015-10-21T17:57:25,0.29,"Rain, Partially cloudy",Partly cloudy throughout the day with rain in the morning and afternoon.,rain,"03462099999,03379099999,03354099999,03535099999,EGNX,03544099999"
Loughborough,2015-10-22,57.1,44.3,53.9,57.1,40.7,53.1,45.6,74.3,0,0,0,,0,0,31.1,20.7,266.2,1015.1,63.2,8.4,81.1,6.8,4,,2015-10-22T07:42:38,2015-10-22T17:55:17,0.33,Partially cloudy,Partly cloudy throughout the day.,partly-cloudy-day,"03462099999,03379099999,03354099999,03535099999,EGNX,03544099999"
Loughborough,2015-10-23,53.3,41,48.4,53.3,37.9,46.7,42.8,81.6,0.001,100,4.17,rain,0,0,24.2,11.7,198.9,1019.8,78.2,8.1,69.1,6,4,,2015-10-23T07:44:27,2015-10-23T17:53:10,0.36,"Rain, Partially cloudy",Partly cloudy throughout the day with morning rain.,rain,"03462099999,03379099999,03330099999,03354099999,03535099999,EGNX,03544099999"
Loughborough,2015-10-24,53.5,42.7,49.3,53.5,36.5,46.6,46.4,89.8,0.103,100,8.33,rain,0,0,32.2,15.3,217.5,1013.6,58.8,7.9,18.5,1.5,1,,2015-10-24T07:46:17,2015-10-24T17:51:04,0.39,"Rain, Partially cloudy",Partly cloudy throughout the day with rain.,rain,"03462099999,03379099999,03354099999,03535099999,EGNX,03544099999"
Loughborough,2015-10-25,53.2,38.9,44.9,53.2,33.2,41.1,39.7,82.6,0.001,100,4.17,rain,0,0,15.2,13.2,214.7,1023.6,49.6,8.3,63,5.7,3,,2015-10-25T06:48:08,2015-10-25T16:48:59,0.43,"Rain, Partially cloudy",Partly cloudy throughout the day with morning rain.,rain,"03462099999,03379099999,03354099999,03535099999,EGNX,03544099999"
Loughborough,2015-10-26,58.6,40.3,49.9,58.6,34.4,48,45.3,84.8,0.001,100,4.17,rain,0,0,27.1,13.9,126.8,1014.7,55.5,6.3,68.6,5.8,3,,2015-10-26T06:49:58,2015-10-26T16:46:55,0.47,"Rain, Partially cloudy",Clearing in the afternoon with morning rain.,rain,"03462099999,03379099999,03354099999,03535099999,EGNX,03544099999"
Loughborough,2015-10-27,58.9,51.6,54.3,58.9,51.6,54.3,52.1,92.4,0,0,0,,0,0,30,12,100.1,1009.6,82.9,3.4,48.1,4.3,2,,2015-10-27T06:51:49,2015-10-27T16:44:53,0.5,Partially cloudy,Partly cloudy throughout the day.,partly-cloudy-day,"03462099999,03418599999,03379099999,03330099999,03354099999,03535099999,03377099999,EGNX,03544099999"
Loughborough,2015-10-28,55.3,48.3,52.2,55.3,44.9,51.5,51.2,96.2,0.521,100,12.5,rain,0,0,18.8,12.2,200.9,1006.7,62.1,4.4,30.5,2.7,2,,2015-10-28T06:53:40,2015-10-28T16:42:52,0.53,"Rain, Partially cloudy",Partly cloudy throughout the day with a chance of rain throughout the day.,rain,"03462099999,03379099999,03354099999,03535099999,EGNX,03544099999"
Loughborough,2015-10-29,57,49.5,52.3,57,44.9,51.6,50.5,93.7,0.048,100,12.5,rain,0,0,31.1,17.9,168.1,1010.1,78.9,5.4,19.3,1.7,1,,2015-10-29T06:55:31,2015-10-29T16:40:52,0.57,"Rain, Partially cloudy",Partly cloudy throughout the day with rain.,rain,"03462099999,03379099999,03330099999,03354099999,03535099999,EGNX,03544099999"
Loughborough,2015-10-30,60.5,50,56.2,60.5,50,56.2,54.4,93.8,0.285,100,12.5,rain,0,0,33.1,22.3,163.6,1016,76.8,6.6,17.5,1.7,1,,2015-10-30T06:57:23,2015-10-30T16:38:54,0.6,"Rain, Partially cloudy",Partly cloudy throughout the day with a chance of rain throughout the day.,rain,"03462099999,03379099999,03354099999,03535099999,EGNX,03544099999"
Loughborough,2015-10-31,57,48.1,51.9,57,45.7,51.3,49.8,92.7,0,0,0,,0,0,18.8,8.7,150.2,1022.1,59.8,4.7,49,4.2,2,,2015-10-31T06:59:14,2015-10-31T16:36:57,0.63,Partially cloudy,Partly cloudy throughout the day.,partly-cloudy-day,"03462099999,03379099999,03330099999,03354099999,03535099999,EGNX,03544099999"
Loughborough,2015-11-01,58.1,42.9,48.6,58.1,42.3,47.7,47.9,97.6,0.006,100,12.5,rain,0,0,9.8,5.8,268.1,1028,56,1,44.9,3.8,2,,2015-11-01T07:01:06,2015-11-01T16:35:02,0.66,"Rain, Partially cloudy",Partly cloudy throughout the day with rain.,rain,"03462099999,03379099999,03330099999,03354099999,03535099999,EGNX,03544099999"
Loughborough,2015-11-02,48,39.3,44.1,47.1,39.3,43.4,44.1,100,0.009,100,12.5,rain,0,0,12.1,5.8,153.9,1024.1,91.5,0.1,32.2,2.7,1,,2015-11-02T07:02:57,2015-11-02T16:33:08,0.7,"Rain, Overcast",Cloudy skies throughout the day with a chance of rain throughout the day.,rain,"03462099999,03379099999,03354099999,03535099999,EGNX,03544099999"
Loughborough,2015-11-03,49.9,46.2,47.9,48.5,42.1,45.9,47.4,98.1,0.017,100,8.33,rain,0,0,13.2,9.1,122.7,1016,92.1,1.3,30,2.5,1,,2015-11-03T07:04:49,2015-11-03T16:31:16,0.75,"Rain, Overcast",Cloudy skies throughout the day with rain.,rain,"03462099999,03379099999,03330099999,03354099999,03535099999,EGNX,03544099999"
Loughborough,2015-11-04,56.5,50,52.9,56.5,50,52.9,51.9,96.6,0.101,100,12.5,rain,0,0,20.8,9.1,163.2,1013,86.2,3.1,37.1,3.4,2,,2015-11-04T07:06:41,2015-11-04T16:29:25,0.76,"Rain, Partially cloudy",Partly cloudy throughout the day with rain.,rain,"03462099999,03379099999,03354099999,03535099999,03377099999,EGNX,03544099999"
Loughborough,2015-11-05,58.7,53.2,55.7,58.7,53.2,55.7,54.5,95.8,0.183,100,16.67,rain,0,0,27.7,14.4,177.3,1010.4,83.8,4.6,11.9,1,1,,2015-11-05T07:08:32,2015-11-05T16:27:37,0.8,"Rain, Partially cloudy",Partly cloudy throughout the day with a chance of rain throughout the day.,rain,"03462099999,03379099999,03330099999,03354099999,03535099999,EGNX,03544099999"
Loughborough,2015-11-06,60.7,53.7,56.9,60.7,53.7,56.9,54.7,92.4,0.064,100,12.5,rain,0,0,28.9,17.8,206.8,1011.8,74.3,8.4,12,1.1,0,,2015-11-06T07:10:24,2015-11-06T16:25:50,0.83,"Rain, Partially cloudy",Partly cloudy throughout the day with rain.,rain,"03462099999,03379099999,03330099999,03354099999,03535099999,EGNX,03544099999"
Loughborough,2015-11-07,62.3,49.3,55.8,62.3,45.3,55.5,52.4,88.8,0.32,100,12.5,rain,0,0,36.7,24.9,214.8,1014.7,65.6,7.8,20.9,1.9,1,,2015-11-07T07:12:15,2015-11-07T16:24:05,0.86,"Rain, Partially cloudy",Partly cloudy throughout the day with a chance of rain throughout the day.,rain,"03462099999,03379099999,03354099999,03535099999,EGNX,03544099999"
Loughborough,2015-11-08,59,44.3,52.1,59,40.6,50.2,49.5,91.3,0.026,100,8.33,rain,0,0,37.5,25,197.9,1017.6,61.9,6.9,21.9,1.8,1,,2015-11-08T07:14:07,2015-11-08T16:22:21,0.89,"Rain, Partially cloudy",Partly cloudy throughout the day with rain.,rain,"03462099999,03379099999,03354099999,03535099999,EGNX,03544099999"
Loughborough,2015-11-09,58.9,45.8,52.4,58.9,39.8,50.2,48.1,85.5,0.085,100,12.5,rain,0,0,38.8,25.2,219.3,1015.9,67.1,9.6,20.7,1.9,1,,2015-11-09T07:15:58,2015-11-09T16:20:40,0.93,"Rain, Partially cloudy",Partly cloudy throughout the day with rain.,rain,"03462099999,03379099999,03330099999,03354099999,03535099999,EGNX,03544099999"
Loughborough,2015-11-10,62.3,57.2,60.3,62.3,57.2,60.3,55.2,83.5,0,0,0,,0,0,40.9,21,223.5,1017.4,79.6,9.9,23.7,2,1,,2015-11-10T07:17:49,2015-11-10T16:19:00,0.96,Partially cloudy,Partly cloudy throughout the day.,partly-cloudy-day,"03462099999,03379099999,03330099999,03354099999,03535099999,EGNX,03544099999"
Loughborough,2015-11-11,57.2,53.3,56,57.2,53.3,56,50.8,82.7,0,0,0,,0,0,31.7,20.8,214.4,1017.7,62.5,9.1,44.2,3.9,2,,2015-11-11T07:19:39,2015-11-11T16:17:23,0,Partially cloudy,Partly cloudy throughout the day.,partly-cloudy-day,"03462099999,03379099999,03354099999,03535099999,EGNX,03544099999"
Loughborough,2015-11-12,57.1,47.7,52.9,57.1,42.1,51.3,47.7,82.6,0.008,100,12.5,rain,0,0,36.5,26.9,203,1017.1,49.7,8.4,50.7,4.3,3,,2015-11-12T07:21:29,2015-11-12T16:15:48,0.03,"Rain, Partially cloudy",Becoming cloudy in the afternoon with rain.,rain,"03462099999,03379099999,03330099999,03354099999,03535099999,EGNX,03544099999"
Loughborough,2015-11-13,51.8,42.7,46.3,51.8,34.4,39.4,37.1,70.4,0.07,100,8.33,rain,0,0,38,27.3,235,1016.6,30.5,8.4,52.4,4.4,3,,2015-11-13T07:23:19,2015-11-13T16:14:15,0.06,"Rain, Partially cloudy",Partly cloudy throughout the day with rain.,rain,"03462099999,03418599999,03379099999,03330099999,03354099999,03535099999,EGNX,03544099999"
Loughborough,2015-11-14,57.2,42.5,47.9,57.2,34.6,43.3,43.9,85.8,0.209,100,4.17,rain,0,0,37.5,22.9,218.8,1017.4,64.4,7.5,23.9,2,2,,2015-11-14T07:25:08,2015-11-14T16:12:44,0.1,"Rain, Partially cloudy",Partly cloudy throughout the day with late afternoon rain.,rain,"03462099999,03379099999,03330099999,03354099999,03535099999,EGNX,03544099999"
Loughborough,2015-11-15,58.9,55.2,57.8,58.9,55.2,57.8,52.4,82.3,0.144,100,8.33,rain,0,0,41.9,29.8,228.8,1006.8,87.5,8.9,21.2,1.8,1,,2015-11-15T07:26:57,2015-11-15T16:11:15,0.13,"Rain, Partially cloudy",Partly cloudy throughout the day with rain.,rain,"03462099999,03379099999,03330099999,03354099999,03535099999,EGNX,03544099999"
Loughborough,2015-11-16,55.3,47.8,51,55.3,42.9,49.1,43.7,76.4,0.019,100,12.5,rain,0,0,39.5,28.2,229,1005.9,61.1,8.9,39.1,3.3,2,,2015-11-16T07:28:45,2015-11-16T16:09:49,0.17,"Rain, Partially cloudy",Partly cloudy throughout the day with a chance of rain throughout the day.,rain,"03462099999,03418599999,03379099999,03330099999,03354099999,03535099999,EGNX,03544099999"
Loughborough,2015-11-17,58.6,43.5,50.8,58.6,40.1,49.2,47,87.8,0.077,100,16.67,rain,0,0,59.4,41.4,232.9,999.5,78.9,6.1,12.7,1.1,1,,2015-11-17T07:30:33,2015-11-17T16:08:25,0.2,"Rain, Partially cloudy",Partly cloudy throughout the day with a chance of rain throughout the day.,rain,"03462099999,03418599999,03379099999,03354099999,03535099999,EGNX,03544099999"
Loughborough,2015-11-18,55.3,47.8,51,55.3,40.2,48.8,44.3,78,0.158,100,8.33,rain,0,0,50.2,34,230.9,1006.1,45.1,7.8,23.5,2,1,,2015-11-18T07:32:19,2015-11-18T16:07:04,0.24,"Rain, Partially cloudy",Partly cloudy throughout the day with rain.,rain,"03462099999,03379099999,03330099999,03354099999,03535099999,EGNX,03544099999"
Loughborough,2015-11-19,49.9,43.5,48.1,43.4,37.6,41.7,42.4,80.7,0.067,100,12.5,rain,0,0,40.3,23.3,247.8,1010,55.9,9.3,28.5,2.4,1,,2015-11-19T07:34:05,2015-11-19T16:05:45,0.25,"Rain, Partially cloudy",Partly cloudy throughout the day with rain.,rain,"03462099999,03379099999,03330099999,03354099999,03535099999,EGNX,03544099999"
Loughborough,2015-11-20,46.3,35.6,41.8,39.1,25.1,34.6,35.4,78.1,0.017,100,8.33,rain,0,0,35.8,20.5,253.6,1006.5,57.8,9.3,48.8,4.3,2,,2015-11-20T07:35:50,2015-11-20T16:04:28,0.31,"Rain, Partially cloudy",Partly cloudy throughout the day with rain.,rain,"03462099999,03379099999,03354099999,03535099999,EGNX,03544099999"
Loughborough,2015-11-21,39,27.5,34.6,29.1,17.9,25.3,27.3,75.2,0.096,100,12.5,"rain,snow",0,0.4,43,26.4,309.3,1008.1,46.4,8.5,54.8,4.8,3,,2015-11-21T07:37:34,2015-11-21T16:03:15,0.34,"Snow, Rain, Partially cloudy",Partly cloudy throughout the day with a chance of rain or snow throughout the day.,rain,"03462099999,03379099999,03354099999,03535099999,EGNX,03544099999"
Loughborough,2015-11-22,41.9,27.5,34.9,36.6,17.9,29.2,31.8,88.6,0,0,0,,0,0.1,18.3,10.4,303.1,1015.9,54.3,7.8,46.9,4.1,2,,2015-11-22T07:39:17,2015-11-22T16:02:04,0.38,Partially cloudy,Partly cloudy throughout the day.,partly-cloudy-day,"03462099999,03379099999,03354099999,03535099999,EGNX,03544099999"
Loughborough,2015-11-23,40.9,30.6,36.1,33.8,23,29.2,32.7,87.4,0.001,100,4.17,rain,0,0,31.1,18.1,220.1,1022,82.7,6.8,36.8,3.2,2,,2015-11-23T07:40:58,2015-11-23T16:00:55,0.41,"Rain, Partially cloudy",Partly cloudy throughout the day with afternoon rain.,rain,"03462099999,03379099999,03330099999,03354099999,03535099999,EGNX,03544099999"
Loughborough,2015-11-24,47.7,42.5,44.5,42.3,34.7,38.4,42.1,91.2,0.187,100,12.5,rain,0,0,32.2,18.7,245,1010,74.2,6.7,21.3,1.8,1,,2015-11-24T07:42:39,2015-11-24T15:59:50,0.45,"Rain, Partially cloudy",Partly cloudy throughout the day with rain.,rain,"03462099999,03379099999,03330099999,03354099999,03535099999,EGNX,03544099999"
Loughborough,2015-11-25,49.7,42.7,45.9,44.3,35.8,41.2,42.1,86.8,0.01,100,12.5,rain,0,0,25.3,16.6,289.8,1011.6,58.5,9,33.2,3,2,,2015-11-25T07:44:18,2015-11-25T15:58:47,0.5,"Rain, Partially cloudy",Partly cloudy throughout the day with a chance of rain throughout the day.,rain,"03462099999,03379099999,03330099999,03354099999,03535099999,03377099999,EGNX,03544099999"
Loughborough,2015-11-26,49.8,45.8,47.7,46.8,41.1,43.8,46.2,94.5,0.008,100,12.5,rain,0,0,30,10.8,252,1018.6,79.8,6.4,24.8,2.1,1,,2015-11-26T07:45:56,2015-11-26T15:57:48,0.52,"Rain, Partially cloudy",Partly cloudy throughout the day with a chance of rain throughout the day.,rain,"03462099999,03379099999,03330099999,03354099999,03535099999,EGNX,03544099999"
Loughborough,2015-11-27,53.5,39.1,49.1,53.5,30.5,46,46.4,90.6,0.071,100,8.33,rain,0,0,37.9,20.4,228.4,1008.4,82.3,7.7,13.2,1.1,1,,2015-11-27T07:47:32,2015-11-27T15:56:51,0.55,"Rain, Partially cloudy",Partly cloudy throughout the day with rain.,rain,"03462099999,03379099999,03330099999,03354099999,03535099999,EGNX,03544099999"
Loughborough,2015-11-28,46.4,35.4,41.4,39.5,26.8,33.1,36.9,84,0.188,100,8.33,rain,0,0,39.2,25.5,223.3,1006.9,41.7,8.1,28.9,2.5,2,,2015-11-28T07:49:07,2015-11-28T15:55:57,0.58,"Rain, Partially cloudy",Partly cloudy throughout the day with rain.,rain,"03462099999,03379099999,03330099999,03354099999,03535099999,EGNX,03544099999"
Loughborough,2015-11-29,53.4,42.9,47.9,53.4,33.7,42.2,40.7,76.2,0.134,100,16.67,rain,0,0,47.6,31.6,245.5,1003.8,50.3,7.8,27,2.4,2,,2015-11-29T07:50:40,2015-11-29T15:55:07,0.61,"Rain, Partially cloudy",Partly cloudy throughout the day with a chance of rain throughout the day.,rain,"03462099999,03379099999,03330099999,03354099999,03535099999,EGNX,03544099999"
Loughborough,2015-11-30,55,40.7,46.4,55,33.5,42.4,41.7,84.2,0.239,100,16.67,rain,0,0,38.3,28.4,240,1012.1,72,6.9,7.5,0.7,0,,2015-11-30T07:52:11,2015-11-30T15:54:19,0.65,"Rain, Partially cloudy",Partly cloudy throughout the day with a chance of rain throughout the day.,rain,"03462099999,03379099999,03354099999,03535099999,EGNX,03544099999"
Loughborough,2015-12-01,55.3,40.9,49.3,55.3,36.5,48,45.4,86.7,0.058,100,12.5,rain,0,0,38,19.6,218.4,1019.6,74.3,6.7,17,1.5,1,,2015-12-01T07:53:40,2015-12-01T15:53:35,0.68,"Rain, Partially cloudy",Partly cloudy throughout the day with a chance of rain throughout the day.,rain,"03462099999,03379099999,03330099999,03354099999,03535099999,EGNX,03544099999"
Loughborough,2015-12-02,55.1,49.8,52.2,55.1,43.7,51.2,45.3,77.6,0.002,100,8.33,rain,0,0,34.8,23.4,210,1018.9,76.7,8.9,27.8,2.4,2,,2015-12-02T07:55:08,2015-12-02T15:52:54,0.71,"Rain, Partially cloudy",Partly cloudy throughout the day with rain.,rain,"03462099999,03379099999,03354099999,03535099999,EGNX,03544099999"
Loughborough,2015-12-03,55.1,46.6,53.5,55.1,38.5,53.2,50.5,89.6,0.069,100,12.5,rain,0,0,39.8,26.4,192.7,1015,79,6.5,14.4,1.3,1,,2015-12-03T07:56:33,2015-12-03T15:52:16,0.75,"Rain, Partially cloudy",Partly cloudy throughout the day with rain.,rain,"03462099999,03379099999,03330099999,03354099999,03535099999,EGNX,03544099999"
Loughborough,2015-12-04,53.3,41.1,48,53.3,33.1,44.2,42,79.9,0.229,100,4.17,rain,0,0,39.6,25.4,230.8,1020.3,41.9,8.9,37.2,3.3,2,,2015-12-04T07:57:56,2015-12-04T15:51:42,0.78,"Rain, Partially cloudy",Partly cloudy throughout the day with early morning rain.,rain,"03462099999,EGBB,03379099999,03354099999,03535099999,03377099999,EGNX,03544099999"
Loughborough,2015-12-05,53.2,50,51.5,53.2,42.9,51.3,43.2,73,0,0,0,,0,0,50.1,33.9,215.3,1012.2,59.4,7.8,18.6,1.7,1,,2015-12-05T07:59:17,2015-12-05T15:51:11,0.81,Partially cloudy,Partly cloudy throughout the day.,wind,"03462099999,03379099999,03330099999,03354099999,03535099999,EGNX,03544099999"
Loughborough,2015-12-06,55.4,46.2,51.4,55.4,43.8,50.9,46.4,83.1,0.038,100,8.33,rain,0,0,43.8,29.4,220.4,1012.9,79.3,7.8,20.8,1.8,1,,2015-12-06T08:00:36,2015-12-06T15:50:44,0.84,"Rain, Partially cloudy",Partly cloudy throughout the day with rain.,rain,"03462099999,03379099999,03354099999,03535099999,EGNX,03544099999"
Loughborough,2015-12-07,57.2,46.5,52.4,57.2,42.9,51.6,49.7,90.5,0.014,100,12.5,rain,0,0,33.3,18.9,165.3,1021.3,72.8,6.3,23.1,1.9,1,,2015-12-07T08:01:52,2015-12-07T15:50:19,0.87,"Rain, Partially cloudy",Partly cloudy throughout the day with a chance of rain throughout the day.,rain,"03462099999,03379099999,03330099999,03354099999,03535099999,EGNX,03544099999"
Loughborough,2015-12-08,54.9,42.5,50.2,54.9,35.9,48.1,44.8,81.8,0.048,100,16.67,rain,0,0,36.8,23.2,205.9,1018.5,54.9,7.7,30.6,2.6,2,,2015-12-08T08:03:06,2015-12-08T15:49:59,0.91,"Rain, Partially cloudy",Partly cloudy throughout the day with a chance of rain throughout the day.,rain,"03462099999,03379099999,03330099999,03354099999,03535099999,EGNX,03544099999"
Loughborough,2015-12-09,49.8,37.9,45,43.7,31.3,38,39.1,79.9,0.001,100,4.17,rain,0,0,41.4,28.6,207,1028.4,36.7,8.5,36.1,3.1,2,,2015-12-09T08:04:17,2015-12-09T15:49:42,0.94,"Rain, Partially cloudy",Becoming cloudy in the afternoon with late afternoon rain.,rain,"EGXW,EGBB,03330099999,03535099999,03560099999,EGNX,EGYD,03544099999,03462099999,03418599999,03379099999,03354099999,03377099999,EGXP,EGXT,03373099999"
Loughborough,2015-12-10,50,42.5,46.6,50,35.3,40.7,41.7,83.4,0.066,100,8.33,rain,0,0,37.3,28.1,216.8,1020.8,84.1,8.3,5.4,0.6,0,,2015-12-10T08:05:25,2015-12-10T15:49:28,0.97,"Rain, Partially cloudy",Partly cloudy throughout the day with rain.,rain,"03462099999,03379099999,03330099999,03354099999,03535099999,EGNX,03544099999"
Loughborough,2015-12-11,46.3,39,43.4,39.7,31.3,36.6,37.5,79.8,0.006,100,4.17,rain,0,0,33.3,19.2,232.9,1019.1,49.5,8.9,31.2,2.6,2,,2015-12-11T08:06:31,2015-12-11T15:49:18,0,"Rain, Partially cloudy",Partly cloudy throughout the day with morning rain.,rain,"03462099999,03418599999,03379099999,03354099999,03535099999,03377099999,EGNX,03544099999"
Loughborough,2015-12-12,54.8,37.3,43.9,54.8,29.1,39.3,40.9,89.2,0.305,100,12.5,rain,0,0,43.3,30.4,218.6,1015,84.2,6.7,4.1,0.3,0,,2015-12-12T08:07:34,2015-12-12T15:49:12,0.04,"Rain, Partially cloudy",Partly cloudy throughout the day with rain.,rain,"03462099999,03379099999,03354099999,03535099999,EGNX,03544099999"
Loughborough,2015-12-13,44.5,35.6,39.5,41.4,31.7,36.4,38.9,97.4,0.126,100,8.33,rain,0,0,14.5,8.5,100.8,1018.5,85.5,2.8,5.5,0.5,0,,2015-12-13T08:08:34,2015-12-13T15:49:09,0.07,"Rain, Partially cloudy",Partly cloudy throughout the day with rain.,rain,"03462099999,03379099999,03354099999,03535099999,EGNX,03544099999"
Loughborough,2015-12-14,47.8,44.5,46.3,44.3,41,42.5,44.7,94.4,0.006,100,4.17,rain,0,0,16.8,10.3,152.3,1015.4,88.9,4.2,14.7,1.1,1,,2015-12-14T08:09:31,2015-12-14T15:49:10,0.11,"Rain, Partially cloudy",Partly cloudy throughout the day with late afternoon rain.,rain,"03462099999,03379099999,03330099999,03354099999,03535099999,EGNX,03544099999"
Loughborough,2015-12-15,53.3,46.2,48.7,53.3,42.1,46.2,48.1,97.9,0.045,100,12.5,rain,0,0,23.5,12.8,131.6,1015.4,95.1,2.7,6.5,0.5,0,,2015-12-15T08:10:25,2015-12-15T15:49:14,0.14,"Rain, Overcast",Cloudy skies throughout the day with rain.,rain,"03462099999,03379099999,03330099999,03354099999,03535099999,EGNX,03544099999"
Loughborough,2015-12-16,56.9,53.4,55.1,56.9,53.4,55.1,52,89.3,0.077,100,12.5,rain,0,0,34.4,19.9,208.7,1014.4,79.7,8,13,1.1,1,,2015-12-16T08:11:16,2015-12-16T15:49:22,0.18,"Rain, Partially cloudy",Partly cloudy throughout the day with a chance of rain throughout the day.,rain,"03462099999,03379099999,03354099999,03535099999,EGNX,03544099999"
Loughborough,2015-12-17,57.1,51.4,54.4,57.1,51.4,54.4,50.4,86.8,0.095,100,8.33,rain,0,0,32.9,20.1,200.5,1012.7,66.1,6.6,12.8,1.1,1,,2015-12-17T08:12:04,2015-12-17T15:49:34,0.22,"Rain, Partially cloudy",Partly cloudy throughout the day with rain.,rain,"03462099999,03379099999,03330099999,03354099999,03535099999,EGNX,03544099999"
Loughborough,2015-12-18,53.5,49.2,52,53.5,44.8,50.9,48.9,89.1,0.013,100,8.33,rain,0,0,32.2,18.1,203.7,1014.8,57.3,7.4,15,1.4,1,,2015-12-18T08:12:48,2015-12-18T15:49:49,0.25,"Rain, Partially cloudy",Partly cloudy throughout the day with rain.,rain,"03462099999,03418599999,03379099999,03330099999,03354099999,03535099999,03377099999,EGNX,03544099999"
Loughborough,2015-12-19,58.9,53.5,57.3,58.9,53.5,57.3,52.4,83.9,0.027,100,12.5,rain,0,0,34.1,23,191.4,1007.6,83.2,7.8,6.6,0.6,0,,2015-12-19T08:13:29,2015-12-19T15:50:08,0.29,"Rain, Partially cloudy",Partly cloudy throughout the day with rain.,rain,"03462099999,03379099999,03330099999,03354099999,03535099999,EGNX,03544099999"
Loughborough,2015-12-20,57.2,46,51.2,57.2,38.8,48.5,44.7,78.8,0.019,100,8.33,rain,0,0,40.8,26.3,204.4,1006.3,37.6,8.7,33.2,2.9,2,,2015-12-20T08:14:07,2015-12-20T15:50:31,0.32,"Rain, Partially cloudy",Partly cloudy throughout the day with rain.,rain,"03462099999,03379099999,03354099999,03535099999,EGNX,03544099999"
Loughborough,2015-12-21,53.5,42.5,46.2,53.5,34.9,40,41.3,83.3,0.026,100,12.5,rain,0,0,43.5,29.7,214.4,1010.2,43,8.3,11.9,1,1,,2015-12-21T08:14:41,2015-12-21T15:50:57,0.36,"Rain, Partially cloudy",Partly cloudy throughout the day with rain.,rain,"03462099999,03379099999,03354099999,03535099999,EGNX,03544099999"
Loughborough,2015-12-22,56.9,47.5,52.5,56.9,41.7,50.2,48.9,87.7,0.238,100,12.5,rain,0,0,42,29.1,210.5,1007.8,79.9,7.9,6,0.5,0,,2015-12-22T08:15:12,2015-12-22T15:51:27,0.39,"Rain, Partially cloudy",Partly cloudy throughout the day with rain.,rain,"03462099999,03379099999,03330099999,03354099999,03535099999,EGNX,03544099999"
Loughborough,2015-12-23,48.2,44.1,46.7,42,36.2,39.8,40.8,80,0.102,100,8.33,rain,0,0,41.8,22.1,209.5,1014.4,31.7,8.2,36.5,3.1,2,,2015-12-23T08:15:40,2015-12-23T15:52:00,0.43,"Rain, Partially cloudy",Partly cloudy throughout the day with rain.,rain,"03462099999,03379099999,03330099999,03354099999,03535099999,EGNX,03544099999"
Loughborough,2015-12-24,51.7,39,46.5,51.7,30.7,40.9,40.6,80,0.211,100,12.5,rain,0,0,42.2,26.4,205.7,1008.6,59.7,8.3,18.5,1.7,1,,2015-12-24T08:16:04,2015-12-24T15:52:36,0.47,"Rain, Partially cloudy",Partly cloudy throughout the day with rain.,rain,"03462099999,03379099999,03330099999,03354099999,03535099999,EGNX,03544099999"
Loughborough,2015-12-25,55.4,37.6,45.8,55.4,30.3,41.5,42.7,89.1,0.023,100,4.17,rain,0,0,36.9,21.4,198.5,1016,69.1,7.6,6.9,0.5,0,,2015-12-25T08:16:24,2015-12-25T15:53:16,0.5,"Rain, Partially cloudy",Partly cloudy throughout the day with afternoon rain.,rain,"03462099999,03379099999,03330099999,03354099999,03535099999,EGNX,03544099999"
Loughborough,2015-12-26,57.1,55.2,55.8,57.1,55.2,55.8,50.4,82.1,0.154,100,8.33,rain,0,0,44.5,30.9,208.6,1012,64.1,7,9.7,0.9,0,,2015-12-26T08:16:41,2015-12-26T15:54:00,0.53,"Rain, Partially cloudy",Partly cloudy throughout the day with rain clearing later.,rain,"03462099999,03418599999,03379099999,03330099999,03354099999,03535099999,EGNX,03544099999"
Loughborough,2015-12-27,54.8,46.1,50.1,54.8,41.8,48.4,48.8,95.4,0.203,100,16.67,rain,0,0,35.5,20.9,209.6,1017.6,83.9,5.7,15.8,1.3,1,,2015-12-27T08:16:55,2015-12-27T15:54:46,0.57,"Rain, Partially cloudy",Partly cloudy throughout the day with a chance of rain throughout the day.,rain,"03462099999,03418599999,03379099999,03330099999,03354099999,03535099999,EGNX,03544099999"
Loughborough,2015-12-28,53,49.5,50.6,53,43.7,48.3,45.5,82.6,0.003,100,12.5,rain,0,0,36.9,16.4,145.7,1015,56.7,7,32,2.7,2,,2015-12-28T08:17:05,2015-12-28T15:55:36,0.6,"Rain, Partially cloudy",Partly cloudy throughout the day with a chance of rain throughout the day.,rain,"03462099999,03379099999,03330099999,03354099999,03535099999,EGNX,03544099999"
Loughborough,2015-12-29,51.6,46.4,49.5,51.6,40.7,45.9,44.1,81.6,0.003,100,4.17,rain,0,0,40.3,23.6,179.2,1014.3,54.2,8.1,31.2,2.7,2,,2015-12-29T08:17:11,2015-12-29T15:56:30,0.63,"Rain, Partially cloudy",Partly cloudy throughout the day with morning rain.,rain,"03462099999,03379099999,03330099999,03354099999,03535099999,EGNX"
Loughborough,2015-12-30,55.1,47.9,51.5,55.1,42.1,49.7,47.2,85.5,0.172,100,12.5,rain,0,0,50.7,32.3,179,1005.5,88.7,6.7,5.6,0.4,0,,2015-12-30T08:17:14,2015-12-30T15:57:26,0.66,"Rain, Partially cloudy",Partly cloudy throughout the day with rain.,rain,"03462099999,03418599999,03379099999,03330099999,03354099999,03535099999,03377099999,EGNX,03373099999"
Loughborough,2015-12-31,48.1,38.9,43.9,40.6,32.8,36.6,39.1,83.2,0.627,100,16.67,rain,0,0,42.6,28.4,208.2,1007.4,37.4,8.4,38.4,3.3,2,,2015-12-31T08:17:13,2015-12-31T15:58:26,0.69,"Rain, Partially cloudy",Partly cloudy throughout the day with a chance of rain throughout the day.,rain,"03462099999,03379099999,03330099999,03354099999,03535099999,EGNX"
